Id ,Year,Car_Name,Price,Location,Fuel_Type,Gear_Type
0,2013,Hyundai Elite i20 Sportz 1.2,"3,59,000",Mumbai,Petrol,Manual
1,2019,Hyundai Venue SX Plus 1.0 Turbo DCT,"7,80,000",Mumbai,Petrol,Automatic
2,2014,Honda City SV i-VTEC,"5,00,000",Mangaluru,Petrol,Manual
3,2016,Honda BR-V V CVT Petrol,"6,50,000",Mangaluru,Petrol,Automatic
4,2018,Honda Amaze 1.2 V i-VTEC,"5,50,000",Mangaluru,Petrol,Manual
5,2017,Honda Jazz 1.2 V i-VTEC,"5,50,000",Mangaluru,Petrol,Manual
6,2019,Honda Jazz VX i-VTEC,"4,50,000",New Delhi,Petrol,Manual
7,2016,Maruti Suzuki Ciaz VXi+ AT,"4,35,000",Mumbai,Petrol,Automatic
8,2023,Honda Elevate ZX CVT,"16,50,000",Kannur,Petrol,Automatic
9,2016,Honda City VX CVT i-VTEC,"5,75,000",Bhubaneswar,Petrol,Automatic
10,2021,Honda Civic V CVT i-VTEC BS6,"12,92,767",Delhi,Petrol,Automatic
11,2016,Honda Amaze 1.2 S i-VTEC,"3,75,000",Delhi,Petrol,Manual
12,2017,Honda Amaze 1.2 E i-VTEC Opt,"3,49,999",Delhi,Petrol,Manual
13,2017,Maruti Suzuki Swift DZire VDi,"2,95,000",Ghaziabad,Diesel,Manual
14,2017,Maruti Suzuki Vitara Brezza ZDi Plus,"6,64,336",Delhi,Diesel,Manual
15,2013,Maruti Suzuki ALTO 800 LXi,"1,50,000",Faridabad,Petrol,Manual
16,2021,Tata Harrier XT Dark Edition BS6,"14,93,500",Delhi,Diesel,Manual
17,2022,Hyundai Creta SX 1.5 Petrol,"13,30,000",Faridabad,Petrol,Manual
18,2011,Hyundai Santro Xing GLS LPG,"2,45,000",Pondicherry,Petrol + Lpg,Manual
19,2017,Tata Tiago Revotron XZ,"3,20,000",Ghaziabad,Petrol,Manual
20,2016,Hyundai Grand i10 Magna AT 1.2 Kappa VTVT,"3,65,000",Thrissur,Petrol,Automatic
21,2022,Hyundai Alcazar Prestige Executive 7 STR 1.5 Diesel,"15,25,000",Mumbai,Diesel,Manual
22,2016,Hyundai Creta 1.6 SX Opt Petrol,"6,80,000",Mumbai,Petrol,Manual
23,2000,Maruti Suzuki Wagon R VX,"1,00,000",Vadodara,Petrol,Manual
24,2015,Honda Amaze 1.5 S i-DTEC,"3,85,000",Kottayam,Diesel,Manual
25,2020,Hyundai Grand i10 Nios Sportz 1.2 Kappa VTVT CNG BS6,"5,50,000",Ahmedabad,Petrol + Cng,Manual
26,2016,Honda City VX CVT i-VTEC,"5,00,000",Noida,Petrol,Automatic
27,2016,Honda City VX CVT i-VTEC,"6,05,000",Noida,Petrol,Automatic
28,2011,Nissan Micra XV PETROL,"1,75,000",Jaipur,Petrol,Manual
29,2017,Hyundai Grand i10 Asta AT,"3,99,999",Faridabad,Petrol,Automatic
30,2016,Maruti Suzuki Celerio ZXi AMT,"3,20,000",Faridabad,Petrol,Automated Manual Transmission
31,2021,Kia Seltos GTX Plus 1.4 Petrol,"13,25,000",Faridabad,Petrol,Manual
32,2013,Maruti Suzuki Ritz LXi,"3,00,000",Faridabad,Petrol,Manual
33,2022,Maruti Suzuki Baleno Delta 1.2 AT,"5,85,000",Faridabad,Petrol,Automatic
34,2019,Mahindra XUV500 W9 AT,"9,75,000",Faridabad,Diesel,Automatic
35,2023,Honda City eHEV ZX,"23,65,000",Bangalore,Hybrid,Automatic
36,2018,Maruti Suzuki Swift LXi,"4,90,000",New Delhi,Petrol,Manual
37,2010,Maruti Suzuki Ritz LXi,"1,10,000",Ghaziabad,Petrol,Manual
38,2018,Maruti Suzuki Celerio VXi,"3,20,000",Ghaziabad,Petrol,Manual
39,2012,Maruti Suzuki Alto LXi,"1,50,000",Faridabad,Petrol,Manual
40,2014,Hyundai Santro Xing GL CNG,"1,95,000",Faridabad,Petrol + Cng,Manual
41,2018,Mahindra Scorpio S7 140 bhp 2WD,"9,50,000",Faridabad,Diesel,Manual
42,2012,Maruti Suzuki Wagon R VXi,"2,85,000",Chennai,Petrol,Manual
43,2020,Honda Amaze 1.2 S MT Petrol BS6,"3,99,000",Kolkata,Petrol,Manual
44,2022,Toyota Innova Crysta 2.7 GX AT 7 STR,"19,15,407",Delhi,Petrol,Automatic
45,2023,Maruti Suzuki Swift LXi,"4,19,000",Delhi,Petrol,Manual
46,2019,Tata Nexon XMA Petrol,"5,90,000",Delhi,Petrol,Automatic
47,2021,Maruti Suzuki Ertiga VXI Smart Hybrid,"8,65,000",Delhi,Petrol,Manual
48,2021,Honda City 5th Generation V Petrol,"8,75,000",Delhi,Petrol,Manual
49,2024,Maruti Suzuki XL6 Zeta MT CNG,"12,56,000",Delhi,Cng,Manual
50,2024,Maruti Suzuki Wagon R VXi 1.0 CNG,"6,89,500",Delhi,Petrol + Cng,Manual
51,2024,Maruti Suzuki Swift VXi (O) CNG,"8,46,500",Delhi,Cng,Manual
52,2024,Maruti Suzuki S-Presso VXi S-CNG,"6,11,500",Delhi,Cng,Manual
53,2024,Maruti Suzuki Jimny Alpha AT Dual Tone,"14,95,000",Delhi,Petrol,Automatic
54,2024,Maruti Suzuki Invicto Alpha Plus 7 STR,"28,92,000",Delhi,Petrol,Automatic
55,2024,Maruti Suzuki Ignis Alpha 1.2 AMT,"12,29,500",Delhi,Petrol,Automated Manual Transmission
56,2024,Maruti Suzuki Grand Vitara Alpha Dominion Edition Smart Hybrid,"16,03,699",Delhi,Hybrid,Manual
57,2024,Maruti Suzuki Fronx Delta 1.2 CNG,"9,32,500",Delhi,Cng,Manual
58,2024,Maruti Suzuki Ertiga ZXI Plus Smart Hybrid,"11,63,000",Delhi,Petrol,Manual
59,2024,Maruti Suzuki Eeco 5 STR AC CNG,"6,58,000",Delhi,Cng,Manual
60,2024,Maruti Suzuki Dzire ZXi CNG,"9,12,250",Delhi,Petrol + Cng,Manual
61,2024,Maruti Suzuki Ciaz Alpha 1.5 AT,"12,29,500",Delhi,Petrol,Automatic
62,2024,Maruti Suzuki Celerio VXi CNG,"6,73,500",Delhi,Petrol + Cng,Manual
63,2024,Maruti Suzuki Brezza ZXi S-CNG Dual Tone,"12,25,500",Delhi,Cng,Manual
64,2024,Maruti Suzuki Baleno Delta AGS,"7,95,000",Delhi,Petrol,Automatic
65,2024,Maruti Suzuki Alto K10 LXi S-CNG,"5,73,500",Delhi,Cng,Manual
66,2013,Toyota Innova 2.5 GX 8 STR BS III,"8,55,000",Delhi,Diesel,Manual
67,2017,Toyota Innova Crysta 2.4 ZX 7 STR,"19,75,000",Delhi,Diesel,Manual
68,2017,Maruti Suzuki Vitara Brezza ZDi Plus,"8,35,000",Delhi,Diesel,Manual
69,2017,Maruti Suzuki Vitara Brezza VDi Opt,"7,35,000",Delhi,Diesel,Manual
70,2016,Mahindra XUV500 W6,"9,85,000",Delhi,Diesel,Manual
71,2015,Mahindra XUV500 W4,"7,95,000",Delhi,Diesel,Manual
72,2022,Toyota Innova Crysta 2.4 ZX AT 7 STR,"30,50,000",Delhi,Diesel,Automatic
73,2020,Hyundai Creta SX (O) 1.4 Turbo 7 DCT BS6,"17,65,000",Delhi,Petrol,Automatic
74,2012,Skoda Rapid 1.6 MPI AMBITION AT,"2,75,000",Delhi,Petrol,Automatic
75,2014,Hyundai Grand i10 ASTA 1.2 KAPPA VTVT,"2,95,000",Delhi,Petrol,Manual
76,2022,Tata Safari XT Plus Diesel,"16,50,000",Delhi,Diesel,Manual
77,2019,Mahindra XUV500 W11 (O) AT,"10,75,000",Delhi,Diesel,Automatic
78,2023,Toyota Innova Hycross VX Hybrid 7 STR,"26,75,000",Delhi,Hybrid,Automatic
79,2015,Maruti Suzuki Swift VXi,"4,10,000",Delhi,Petrol,Manual
80,2019,Maruti Suzuki Dzire VXi,"6,10,000",Delhi,Petrol,Manual
81,2014,Hyundai Eon ERA PLUS,"1,86,000",Delhi,Petrol,Manual
82,2013,Honda City 1.5 S MT,"4,15,000",Bangalore,Petrol,Manual
83,2016,Maruti Suzuki Wagon R VXi,"2,75,000",Raipur,Petrol,Manual
84,2019,Hyundai Verna 1.6 VTVT SX (O) AT,"13,85,000",Delhi,Petrol,Automatic
85,2017,Honda WR-V VX Petrol,"6,85,000",Delhi,Petrol,Manual
86,2021,MG Hector Sharp 1.5 DCT Petrol,"17,55,000",Delhi,Petrol,Automatic
87,2018,Renault KWID 1.0 RXL,"3,45,000",Delhi,Petrol,Manual
88,2019,Maruti Suzuki Baleno Zeta AT 1.2,"8,25,000",Delhi,Petrol,Automatic
89,2021,Honda Amaze 1.2 VX MT Petrol BS6,"8,35,000",Delhi,Petrol,Manual
90,2022,Maruti Suzuki Ertiga VXi (O) CNG,"12,40,000",Delhi,Cng,Manual
91,2021,Maruti Suzuki Baleno Alpha 1.2 AT,"9,75,000",Delhi,Petrol,Automatic
92,2021,Honda City 5th Generation ZX CVT Petrol,"14,85,000",Delhi,Petrol,Automatic
93,2015,Hyundai Creta 1.6 SX+ AT Diesel,"11,25,000",Delhi,Diesel,Automatic
94,2023,Kia Carens Premium 1.5 Petrol 7 STR,"11,25,000",Delhi,Petrol,Manual
95,2018,Maruti Suzuki Baleno Delta 1.2,"6,45,000",Delhi,Petrol,Manual
96,2021,Hyundai Creta S 1.5 Petrol BS6,"12,45,000",Delhi,Petrol,Manual
97,2018,Maruti Suzuki Ciaz Alpha 1.4 AT,"9,85,000",Delhi,Petrol,Automatic
98,2017,Maruti Suzuki Ignis Zeta 1.2 MT,"4,35,000",Delhi,Petrol,Manual
99,2015,Honda Jazz S i-VTEC,"4,85,000",Delhi,Petrol,Manual
100,2014,Hyundai Xcent S 1.2,"3,15,000",Delhi,Petrol,Manual
101,2015,Hyundai Elite i20 Magna 1.2,"4,25,000",Delhi,Petrol,Manual
102,2016,Maruti Suzuki Swift DZire VDi,"5,15,000",Delhi,Diesel,Manual
103,2013,Maruti Suzuki Ritz VXi,"2,15,000",Delhi,Petrol,Manual
104,2012,Hyundai i10 Magna 1.2,"2,25,000",Delhi,Petrol,Manual
105,2011,Hyundai i10 Era,"2,15,000",Delhi,Petrol,Manual
106,2015,Maruti Suzuki Swift DZire LDi,"4,55,000",Delhi,Diesel,Manual
107,2011,Maruti Suzuki Wagon R LXi,"2,15,000",Delhi,Petrol,Manual
108,2021,Honda City 5th Generation VX CVT Petrol,"14,85,000",Delhi,Petrol,Automatic
109,2015,Maruti Suzuki Swift DZire LXi Opt,"3,45,000",Delhi,Petrol,Manual
110,2016,Maruti Suzuki Ertiga ZXi,"6,50,000",Delhi,Petrol,Manual
111,2022,Mahindra Thar AX 4 STR Hard Top Diesel MT,"12,90,000",Delhi,Diesel,Manual
112,2017,Mahindra Scorpio S10,"9,50,000",Delhi,Diesel,Manual
113,2019,Maruti Suzuki Swift VXi,"5,70,000",Delhi,Petrol,Manual
114,2012,Volkswagen Vento 1.6L Highline,"2,75,000",Delhi,Petrol,Manual
115,2018,Hyundai Grand i10 Magna 1.2 Kappa VTVT,"4,25,000",Delhi,Petrol,Manual
116,2022,Tata Safari XZA Plus 6S,"18,50,000",Delhi,Diesel,Automated Manual Transmission
117,2018,Honda City V CVT i-VTEC,"8,41,875",Delhi,Petrol,Automatic
118,2020,Hyundai Venue SX 1.0 Petrol,"7,97,131",Delhi,Petrol,Manual
119,2018,Mahindra XUV500 W10,"11,53,321",Delhi,Diesel,Manual
120,2017,Mahindra XUV500 W9,"10,12,714",Delhi,Diesel,Manual
121,2017,Mahindra XUV500 W6 AT,"9,65,019",Delhi,Diesel,Automatic
122,2019,Hyundai Creta 1.4 E+ Diesel,"8,54,301",Delhi,Diesel,Manual
123,2013,Mahindra Scorpio VLX 2WD AIRBAG BS III,"5,59,000",Chennai,Diesel,Manual
124,2016,Mahindra XUV500 W8,"7,00,000",Delhi,Diesel,Manual
125,2016,Renault Duster 110 PS RXL 4X2 MT,"4,60,000",Delhi,Diesel,Manual
126,2015,Maruti Suzuki Swift DZire LDi Opt,"4,00,000",Delhi,Diesel,Manual
127,2017,Hyundai Tucson 2WD MT Diesel,"10,80,000",Delhi,Diesel,Manual
128,2015,Honda City VX,"5,50,000",Delhi,Petrol,Manual
129,2018,Hyundai Creta 1.6 SX Opt Diesel,"10,45,000",Bangalore,Diesel,Manual
130,2016,Hyundai i10 Magna,"3,95,000",Bangalore,Petrol,Manual
131,2021,Maruti Suzuki XL6 Zeta MT Petrol,"11,40,000",Bangalore,Petrol,Manual
132,2020,Hyundai Creta 1.6 SX AT Diesel,"16,65,000",Bangalore,Diesel,Automatic
133,2019,Ford EcoSport Titanium 1.5L TDCi,"9,15,000",Bangalore,Diesel,Manual
134,2018,Honda BR-V V Diesel,"8,85,000",Bangalore,Diesel,Manual
135,2023,Hyundai Creta EX 1.5 Petrol,"11,65,000",Bangalore,Petrol,Manual
136,2022,Skoda Slavia Ambition 1.0L TSI MT,"11,90,000",Bangalore,Petrol,Manual
137,2019,Tata Harrier XZ,"14,25,000",Bangalore,Diesel,Manual
138,2016,Ford EcoSport Titanium + 1.5L Ti-VCT AT,"7,35,000",Bangalore,Petrol,Automatic
139,2024,Kia Seltos HTX 1.5 Diesel AT,"18,11,000",Bangalore,Diesel,Automatic
140,2022,Toyota Innova Hycross GX 7 STR,"22,00,000",Bangalore,Petrol,Automatic
141,2023,Hyundai Tucson Signature 2.0 AT Petrol,"33,00,000",Bangalore,Petrol,Automatic
142,2017,Hyundai i20 Active 1.2 SX,"7,75,000",Bangalore,Petrol,Manual
143,2023,Hyundai Verna SX (O) 1.5 VTVT IVT,"14,80,000",Bangalore,Petrol,Automatic
144,2015,Honda City SV,"5,62,000",Bangalore,Petrol,Manual
145,2016,Tata Nano Twist XTA,"3,59,000",Bangalore,Petrol,Automatic
146,2017,Hyundai Verna 1.6 CRDI EX,"8,25,000",Bangalore,Diesel,Manual
147,2014,Ford Endeavour 2.5L 4x4 MT,"11,25,000",Bangalore,Diesel,Manual
148,2021,Kia Seltos HTK Plus 1.5 Diesel,"15,25,000",Delhi,Diesel,Manual
149,2016,Maruti Suzuki Swift DZire LXi Opt,"4,35,000",Delhi,Petrol,Manual
150,2015,Hyundai i10 Magna 1.1,"3,35,000",Delhi,Petrol,Manual
151,2018,Hyundai i20 Magna 1.2,"5,60,000",Delhi,Petrol,Manual
152,2016,Hyundai Grand i10 Magna 1.2 Kappa VTVT,"4,25,000",Delhi,Petrol,Manual
153,2011,Hyundai Santro GLS I EURO I,"2,15,000",Delhi,Petrol,Manual
154,2016,Honda Jazz V AT,"5,62,000",Delhi,Petrol,Automatic
155,2022,Skoda Slavia Ambition 1.0L TSI AT,"13,50,000",Gurugram,Petrol,Automatic
156,2022,Kia Seltos HTX 1.5 CVT,"14,99,000",Delhi,Petrol,Automatic
157,2021,Maruti Suzuki S-Presso LXi CNG,"5,50,000",Delhi,Petrol + Cng,Manual
158,2018,Tata Nexon Kraz Diesel,"6,75,000",Delhi,Diesel,Manual
159,2017,Maruti Suzuki Dzire VXi,"6,10,000",Delhi,Petrol,Manual
160,2018,Hyundai Grand i10 Sportz 1.2 Kappa VTVT,"5,00,000",Delhi,Petrol,Manual
161,2021,Maruti Suzuki Wagon R LXi 1.0 CNG BS6,"6,00,000",Delhi,Petrol + Cng,Manual
162,2015,Maruti Suzuki Ertiga VDi,"6,10,000",Delhi,Diesel,Manual
163,2015,Mahindra XUV500 W10,"7,70,000",Delhi,Diesel,Manual
164,2016,Honda Mobilio S i-VTEC,"4,75,000",Delhi,Petrol,Manual
165,2023,Skoda Octavia 2.0 L&K,"28,90,000",Delhi,Petrol,Automatic
166,2012,Hyundai Verna 1.6 SX,"3,50,000",Delhi,Petrol,Manual
167,2019,Toyota Fortuner 2.7 4x2 AT,"30,50,000",Delhi,Petrol,Automatic
168,2021,Toyota Innova Crysta 2.4 GX AT 7 STR BS6,"20,90,000",Delhi,Diesel,Automatic
169,2023,Hyundai Tucson Signature 2.0 AT Petrol,"27,99,000",Delhi,Petrol,Automatic
170,2021,Isuzu D-Max V-Cross Z Prestige,"22,75,000",Delhi,Diesel,Manual
171,2024,Tata Harrier Adventure Plus Dark Edition AT,"22,50,000",Delhi,Diesel,Automatic
172,2018,Hyundai Grand i10 Magna 1.2 Kappa VTVT,"4,25,000",Delhi,Petrol,Manual
173,2019,Honda City V i-VTEC,"7,50,000",Gurugram,Petrol,Manual
174,2014,Hyundai Grand i10 Asta AT,"3,50,000",Delhi,Petrol,Automatic
175,2010,Honda City S i-VTEC,"1,70,000",Gurugram,Petrol,Manual
176,2011,Maruti Suzuki Wagon R VXi,"1,80,000",Gurugram,Petrol,Manual
177,2018,Hyundai Creta 1.4 S Diesel,"7,80,000",Gurugram,Diesel,Manual
178,2017,Maruti Suzuki Alto K10 VXi,"2,70,000",Gurugram,Petrol,Manual
179,2019,Mahindra XUV300 W8 AMT Diesel,"7,50,000",Gurugram,Diesel,Automated Manual Transmission
180,2019,Maruti Suzuki Celerio VXi,"3,80,000",Gurugram,Petrol,Manual
181,2018,Toyota Fortuner 3.0 4x2 MT,"25,00,000",Delhi,Diesel,Manual
182,2015,Volkswagen Polo Comfortline 1.0 Petrol,"3,80,000",Gurugram,Petrol,Manual
183,2012,Skoda Rapid ACTIVE 1.6 TDI CR MT,"2,75,000",Gurugram,Diesel,Manual
184,2017,Ford Figo Titanium 1.2 Ti-VCT,"3,95,000",Gurugram,Petrol,Manual
185,2014,Toyota Corolla Altis 1.8 GL,"4,20,000",Gurugram,Petrol,Manual
186,2010,Honda Jazz S i-VTEC,"2,05,000",Bangalore,Petrol,Manual
187,2020,Maruti Suzuki Vitara Brezza VXi BS6,"7,36,520",Delhi,Petrol,Manual
188,2019,Hyundai Creta 1.4 E+ Diesel,"9,20,000",Delhi,Diesel,Manual
189,2018,Hyundai Creta 1.6 SX AT Petrol,"10,50,000",Delhi,Petrol,Automatic
190,2016,Honda City VX CVT i-VTEC,"7,20,000",Delhi,Petrol,Automatic
191,2018,Honda City S i-VTEC,"7,00,000",Delhi,Petrol,Manual
192,2019,Hyundai Verna 1.6 VTVT SX (O) AT,"9,85,000",Delhi,Petrol,Automatic
193,2018,Hyundai Creta 1.4 E+ Diesel,"8,50,000",Delhi,Diesel,Manual
194,2019,Tata Harrier XZ,"12,50,000",Delhi,Diesel,Manual
195,2019,Honda Amaze 1.2 S i-VTEC,"6,75,000",Delhi,Petrol,Manual
196,2015,Maruti Suzuki S-Cross Alpha 1.6,"4,75,000",Delhi,Diesel,Manual
197,2022,Kia Seltos GTX Plus AT 1.5 Diesel,"18,30,000",Delhi,Diesel,Automatic
198,2015,Ford EcoSport TITANIUM 1.5 TDCI,"7,00,000",Delhi,Diesel,Manual
199,2019,Hyundai Creta 1.6 SX AT Petrol,"11,30,000",Delhi,Petrol,Automatic
200,2018,Mahindra Scorpio S5 2WD,"10,50,000",Delhi,Diesel,Manual
201,2015,Honda City VX i-VTEC,"5,30,000",Delhi,Petrol,Manual
202,2019,Maruti Suzuki XL6 Zeta MT Petrol,"9,10,000",Delhi,Petrol,Manual
203,2020,Renault Triber RXE,"6,00,000",Delhi,Petrol,Manual
204,2015,Hyundai Creta 1.6 SX Diesel,"6,75,000",Delhi,Diesel,Manual
205,2020,Hyundai Creta E 1.5 Diesel BS6,"10,60,000",Delhi,Diesel,Manual
206,2021,Skoda Rapid TSI Ambition 1.0 BS6,"6,75,000",Gurugram,Petrol,Manual
207,2015,Ford EcoSport TITANIUM 1.0 ECOBOOST OPT,"4,60,000",Gurugram,Petrol,Manual
208,2018,Hyundai i20 Magna 1.2,"5,10,000",Gurugram,Petrol,Manual
209,2015,Volkswagen Polo Comfortline 1.0 Petrol,"3,90,000",Gurugram,Petrol,Manual
210,2015,Honda City VX CVT,"5,95,000",Gurugram,Petrol,Automatic
211,2010,Hyundai i10 Magna,"1,30,000",Gurugram,Petrol,Manual
212,2015,Honda Jazz VX i-VTEC,"3,75,000",Gurugram,Petrol,Manual
213,2021,Volkswagen Polo Trendline 1.0L MPI,"5,60,000",Gurugram,Petrol,Manual
214,2015,Honda City SV i-VTEC,"4,75,000",Gurugram,Petrol,Manual
215,2018,Honda Amaze 1.2 VX i-VTEC,"4,60,000",Gurugram,Petrol,Manual
216,2016,Hyundai Verna FLUIDIC 1.6 EX VTVT,"4,75,000",Gurugram,Petrol,Manual
217,2021,Mahindra XUV300 W8 Petrol,"7,70,000",Gurugram,Petrol,Manual
218,2012,Volkswagen Polo Trendline 1.2L (P),"2,35,000",Gurugram,Petrol,Manual
219,2014,Volkswagen Vento Highline Petrol,"3,95,000",Gurugram,Petrol,Manual
220,2016,Honda Amaze 1.2 S i-VTEC,"3,95,000",Gurugram,Petrol,Manual
221,2015,Honda City SV CVT i-VTEC,"4,95,000",Gurugram,Petrol,Automatic
222,2014,Honda Amaze 1.2 S i-VTEC,"3,30,000",Gurugram,Petrol,Manual
223,2021,Honda Amaze 1.2 VX CVT Petrol BS6,"7,45,000",Gurugram,Petrol,Automatic
224,2018,Maruti Suzuki Wagon R LXi CNG,"3,90,000",Delhi,Petrol + Cng,Manual
225,2020,Tata Harrier Dark Edition,"13,65,000",Ghaziabad,Diesel,Manual
226,2016,Maruti Suzuki Ciaz Vxi,"6,45,000",Ghaziabad,Petrol,Manual
227,2013,Maruti Suzuki Wagon R LXi CNG,"2,40,000",Delhi,Petrol + Cng,Manual
228,2016,Mahindra Scorpio S6 Plus,"9,75,000",Ghaziabad,Diesel,Manual
229,2015,Toyota Etios Cross 1.2 G,"3,90,000",Delhi,Petrol,Manual
230,2020,Maruti Suzuki XL6 Zeta MT Petrol,"10,25,000",Ghaziabad,Petrol,Manual
231,2018,Skoda Octavia 1.8 TSI L&K AT,"15,95,000",Ghaziabad,Petrol,Automatic
232,2020,Maruti Suzuki Baleno Zeta 1.2,"6,40,000",Delhi,Petrol,Manual
233,2020,MG Hector Sharp 1.5 DCT Petrol,"16,75,000",Ghaziabad,Petrol,Automatic
234,2016,Honda Amaze 1.2 S i-VTEC,"4,25,000",Delhi,Petrol,Manual
235,2019,Hyundai Grand i10 Nios Sportz 1.2 Kappa VTVT,"6,25,000",Ghaziabad,Petrol,Manual
236,2017,Maruti Suzuki Celerio VXi CNG,"4,85,000",Ghaziabad,Petrol + Cng,Manual
237,2021,Hyundai Verna SX 1.5 VTVT BS6,"10,75,000",Delhi,Petrol,Manual
238,2018,Volkswagen Vento 1.2L TSI Highline Plus AT,"9,85,000",Ghaziabad,Petrol,Automatic
239,2019,Honda Amaze 1.2 S i-VTEC Opt,"6,85,000",Ghaziabad,Petrol,Manual
240,2022,Mahindra Thar LX 4 STR Hard Top Diesel AT,"17,65,000",Ghaziabad,Diesel,Automatic
241,2020,Honda City ZX i-VTEC,"12,85,000",Ghaziabad,Petrol,Manual
242,2018,Maruti Suzuki Ciaz Delta 1.4 MT,"6,85,000",Ghaziabad,Petrol,Manual
243,2022,Hyundai Creta S Plus 1.5 Petrol Knight,"13,50,000",Delhi,Petrol,Manual
244,2017,Isuzu MU-X 4x4,"15,85,000",Ghaziabad,Diesel,Automatic
245,2016,Honda City 1.5 V MT,"5,75,000",Delhi,Petrol,Manual
246,2016,Maruti Suzuki Wagon R LXi,"3,15,000",Delhi,Petrol,Manual
247,2019,Honda Jazz V CVT i-VTEC,"7,35,000",Ghaziabad,Petrol,Automatic
248,2018,Mahindra Scorpio S5 2WD,"11,85,000",Ghaziabad,Diesel,Manual
249,2022,Maruti Suzuki Baleno Sigma 1.2,"6,10,000",Delhi,Petrol,Manual
250,2021,Kia Sonet HTE 1.5,"8,75,000",Ghaziabad,Diesel,Manual
251,2016,Hyundai Creta 1.6 SX AT Petrol,"10,68,000",Ghaziabad,Petrol,Automatic
252,2015,Honda City VX i-VTEC,"7,35,000",Ghaziabad,Petrol,Manual
253,2022,Hyundai Grand i10 Nios Sportz 1.2 Kappa VTVT,"7,35,000",Ghaziabad,Petrol,Manual
254,2015,Hyundai i10 Magna,"2,60,000",Gurugram,Petrol,Manual
255,2019,Maruti Suzuki Ciaz Alpha 1.3 Hybrid,"10,35,000",Delhi,Diesel,Manual
256,2019,Maruti Suzuki Baleno Alpha AT 1.2,"8,20,000",Bangalore,Petrol,Automatic
257,2021,Honda Amaze 1.2 S MT Petrol Special Edition,"7,75,000",Delhi,Petrol,Manual
258,2015,Honda Brio S MT,"3,10,000",Gurugram,Petrol,Manual
259,2019,Maruti Suzuki Baleno Delta 1.2 AT,"6,59,000",Bangalore,Petrol,Automatic
260,2014,Hyundai Grand i10 Sportz 1.2 Kappa VTVT,"3,45,000",Delhi,Petrol,Manual
261,2021,Tata Harrier XZA Plus BS6,"16,45,000",Bangalore,Diesel,Automated Manual Transmission
262,2012,Toyota Fortuner 3.0 4X2 AT,"14,75,000",Bangalore,Diesel,Automatic
263,2022,Hyundai Grand i10 Nios Asta AMT 1.2 Kappa VTVT,"8,25,000",Delhi,Petrol,Automated Manual Transmission
264,2015,Mahindra XUV500 W4 1.99,"7,50,000",Bangalore,Diesel,Manual
265,2018,Skoda Rapid 1.5 TDI CR Ambition,"7,31,000",Bangalore,Diesel,Manual
266,2016,Honda BR-V V Diesel,"6,10,000",Delhi,Diesel,Manual
267,2021,Hyundai Venue SX 1.5 (O) CRDi BS6,"11,35,000",Bangalore,Diesel,Manual
268,2018,Hyundai Verna 1.6 VTVT SX,"10,00,000",Bangalore,Petrol,Manual
269,2018,Mahindra Thar CRDe 4x4,"7,50,000",Gurugram,Diesel,Manual
270,2018,Mahindra Thar CRDe 4x4,"7,50,000",Gurugram,Diesel,Manual
271,2018,Mahindra TUV300 T10,"5,99,000",Delhi,Diesel,Manual
272,2019,Kia Seltos HTE 1.5 Diesel,"8,60,000",Delhi,Diesel,Manual
273,2017,Renault Duster 110 PS RXZ 4X2 AMT,"5,00,000",Delhi,Diesel,Automatic
274,2020,Maruti Suzuki Baleno Sigma 1.2 BS6,"4,30,000",Gurugram,Petrol,Manual
275,2017,Mahindra Scorpio S10,"8,80,000",Gurugram,Diesel,Manual
276,2018,Hyundai Creta 1.4 S Diesel,"6,00,000",Gurugram,Diesel,Manual
277,2020,Kia Sonet HTX 1.0 iMT,"7,50,000",Gurugram,Petrol,Manual
278,2018,Toyota Innova Crysta 2.8 GX AT 8 STR,"13,15,000",Gurugram,Diesel,Automatic
279,2021,Hyundai Grand i10 Nios Sportz 1.2 Kappa VTVT CNG BS6,"6,75,000",Delhi,Petrol + Cng,Manual
280,2021,Nissan Magnite XE MT,"5,75,000",Delhi,Petrol,Manual
281,2015,Hyundai Verna 1.6 CRDI SX (O),"5,50,000",Delhi,Diesel,Manual
282,2015,Toyota Innova 2.5 GX 7 STR BS III,"8,50,000",Delhi,Diesel,Manual
283,2018,Nissan Micra XV PETROL,"3,75,000",Delhi,Petrol,Manual
284,2015,Toyota Corolla Altis 1.8 VL AT,"8,25,000",Delhi,Petrol,Automatic
285,2015,Mahindra XUV500 W10,"8,25,000",Delhi,Diesel,Manual
286,2016,Mahindra XUV500 W6 AT,"9,85,000",Delhi,Diesel,Automatic
287,2015,Honda Amaze 1.2 E i-VTEC,"2,90,000",Delhi,Petrol,Manual
288,2016,Maruti Suzuki Ertiga LXi,"5,80,000",Gurugram,Petrol,Manual
289,2019,Hyundai Grand i10 Magna 1.2 Kappa VTVT,"5,10,000",Gurugram,Petrol,Manual
290,2015,Toyota Corolla Altis 1.8 G AT,"7,00,000",Gurugram,Petrol,Automatic
291,2018,Maruti Suzuki Baleno Zeta 1.2,"5,60,000",Gurugram,Petrol,Manual
292,2014,Honda Amaze 1.2 S i-VTEC,"3,40,000",Gurugram,Petrol,Manual
293,2017,Chevrolet Beat LT Petrol,"2,70,000",Gurugram,Petrol,Manual
294,2015,Maruti Suzuki Swift VXi,"3,75,000",Delhi,Petrol,Manual
295,2017,Maruti Suzuki Wagon R LXi,"3,20,000",Gurugram,Petrol,Manual
296,2016,Hyundai Creta 1.6 SX Diesel,"8,00,000",Delhi,Diesel,Manual
297,2014,Maruti Suzuki Swift DZire VXi,"4,00,000",Delhi,Petrol,Manual
298,2020,Mahindra Thar LX 4 STR Convertible Diesel MT BS6,"12,90,000",Gurugram,Diesel,Manual
299,2018,Maruti Suzuki Swift VXi,"5,20,000",Delhi,Petrol,Manual
300,2021,Kia Seltos HTK 1.5 Diesel,"10,30,000",Gurugram,Diesel,Manual
301,2021,Maruti Suzuki Baleno Delta 1.2,"5,30,000",Gurugram,Petrol,Manual
302,2016,Maruti Suzuki Ciaz Vdi,"4,75,000",Delhi,Diesel,Manual
303,2017,Maruti Suzuki Swift Dzire VDi ABS,"5,60,000",Delhi,Diesel,Manual
304,2013,Maruti Suzuki Swift Dzire VXI 1.2 BS IV,"2,75,000",Gurugram,Petrol,Manual
305,2016,Volkswagen Polo Highline 1.2L (P),"4,15,000",Gurugram,Petrol,Manual
306,2018,Toyota Innova Crysta 2.4 G 7 STR,"11,20,000",Gurugram,Diesel,Manual
307,2014,Honda Amaze 1.2 S i-VTEC,"3,60,000",Delhi,Petrol,Manual
308,2013,Volkswagen Polo Comfortline 1.2L (P),"2,75,000",Gurugram,Petrol,Manual
309,2016,Honda City 1.5 V MT,"4,80,000",Gurugram,Petrol,Manual
310,2020,Hyundai Creta 1.4 S Diesel,"10,85,000",Gurugram,Diesel,Manual
311,2016,Hyundai Grand i10 Asta AT,"3,90,000",Gurugram,Petrol,Automatic
312,2022,Tata Harrier XZ,"13,00,000",Gurugram,Diesel,Manual
313,2019,Hyundai i20 Magna 1.2,"5,00,000",Gurugram,Petrol,Manual
314,2022,Maruti Suzuki XL6 Zeta AT Petrol,"11,00,000",Gurugram,Petrol,Automatic
315,2013,Hyundai i10 Magna,"1,90,000",Gurugram,Petrol,Manual
316,2019,Honda Jazz VX i-VTEC,"5,80,000",Gurugram,Petrol,Manual
317,2023,Hyundai i20 Sportz 1.2 MT Petrol,"6,80,000",Gurugram,Petrol,Manual
318,2018,Honda Amaze 1.2 S i-VTEC,"6,90,000",Delhi,Petrol,Manual
319,2017,Maruti Suzuki Celerio VXi CNG,"4,00,000",Delhi,Petrol + Cng,Manual
320,2019,Tata Tiago Revotron XZ,"4,50,000",Delhi,Petrol,Manual
321,2024,Maruti Suzuki Brezza ZXi,"12,50,000",Delhi,Petrol,Manual
322,2019,Renault KWID 1.0 RXT AMT,"3,50,000",Delhi,Petrol,Automated Manual Transmission
323,2021,Mahindra Thar LX 4 STR Hard Top Petrol AT BS6,"13,00,000",Delhi,Petrol,Automatic
324,2019,Hyundai i20 Magna 1.2,"5,35,000",Delhi,Petrol,Manual
325,2023,MG Hector Sharp 1.5 Petrol CVT,"19,50,000",Delhi,Petrol,Automatic
326,2019,Honda City V CVT i-VTEC,"9,75,000",Delhi,Petrol,Automatic
327,2014,SKODA SUPERB Elegance 1.8 TSI AT,"7,90,000",Delhi,Petrol,Automatic
328,2019,Maruti Suzuki Baleno Alpha AT 1.2,"6,75,000",Delhi,Petrol,Automatic
329,2018,Maruti Suzuki Swift ZXi Plus,"6,20,000",Delhi,Petrol,Manual
330,2017,Mahindra XUV500 W10 AT,"9,65,000",Delhi,Diesel,Automatic
331,2016,Honda Amaze 1.2 S i-VTEC,"3,90,000",Delhi,Petrol,Manual
332,2019,Honda City ZX CVT i-VTEC,"10,25,000",Delhi,Petrol,Automatic
333,2022,Mahindra XUV700 AX 7 Petrol AT 7 STR,"22,50,000",Delhi,Petrol,Automatic
334,2011,Hyundai i20 Magna 1.2,"2,25,000",Delhi,Petrol,Manual
335,2022,MG Hector Sharp 1.5 DCT Petrol,"16,50,000",Delhi,Petrol,Automatic
336,2012,Maruti Suzuki Wagon R LXi,"2,25,000",Delhi,Petrol,Manual
337,2022,MG Gloster Savvy 2.0 Twin Turbo 7 STR 4WD,"33,00,000",Delhi,Diesel,Automatic
338,2017,Mahindra XUV500 W10 AWD AT,"8,90,000",Delhi,Diesel,Automatic
339,2016,Maruti Suzuki Swift VXi,"3,75,000",Delhi,Petrol,Manual
340,2020,MG Hector Sharp 1.5 DCT Petrol,"13,90,000",Delhi,Petrol,Automatic
341,2020,Kia Seltos HTK 1.5 Diesel,"10,75,000",Delhi,Diesel,Manual
342,2023,Mahindra Thar LX 4 STR Hard Top Diesel AT,"15,25,000",Delhi,Diesel,Automatic
343,2013,Maruti Suzuki Swift DZire VXi,"3,50,000",Delhi,Petrol,Manual
344,2017,Toyota Corolla Altis 1.8 VL AT,"10,55,000",Delhi,Petrol,Automatic
345,2014,Hyundai Grand i10 Sportz 1.2 Kappa VTVT,"3,00,000",Delhi,Petrol,Manual
346,2019,Mahindra Scorpio S11 2WD 7 SEATER,"13,00,000",Delhi,Diesel,Manual
347,2018,Toyota Innova Crysta 2.4 VX 7 STR,"15,50,000",Delhi,Diesel,Manual
348,2015,Mahindra XUV500 W10,"6,00,000",Delhi,Diesel,Manual
349,2018,Maruti Suzuki S-Cross Zeta 1.3,"6,50,000",Delhi,Diesel,Manual
350,2017,Ford Figo Aspire Titanium1.5 TDCi,"3,50,000",Delhi,Diesel,Manual
351,2012,Toyota Corolla Altis 1.8 G,"3,40,000",Delhi,Petrol,Manual
352,2017,Maruti Suzuki Ertiga VDi SHVS,"6,50,000",Delhi,Diesel,Manual
353,2016,Mahindra XUV500 W10,"7,50,000",Delhi,Diesel,Manual
354,2012,Nissan Micra XV PETROL,"2,00,000",Delhi,Petrol,Manual
355,2018,Mahindra Bolero Pick UP FB 1.5T BS IV,"4,40,000",Delhi,Diesel,Manual
356,2020,Mahindra Scorpio S11 BS6,"14,50,000",Delhi,Diesel,Manual
357,2015,Mahindra XUV500 W6,"5,75,000",Delhi,Diesel,Manual
358,2018,Honda Amaze 1.5 S i-DTEC,"6,00,000",Delhi,Diesel,Manual
359,2014,Honda Amaze 1.2 S i-VTEC,"3,40,000",Delhi,Petrol,Manual
360,2017,Maruti Suzuki Swift DZire VDi (O),"5,25,000",Delhi,Diesel,Manual
361,2017,Volkswagen Ameo Highline Plus 1.5L (D) AT,"5,25,000",Delhi,Diesel,Automatic
362,2019,Hyundai Creta 1.6 SX AT Petrol,"11,00,000",Delhi,Petrol,Automatic
363,2011,Honda Accord 2.4 i-VTEC MT,"3,20,000",Delhi,Petrol,Manual
364,2019,Maruti Suzuki Swift ZXi Plus AMT,"6,30,000",Delhi,Petrol,Automated Manual Transmission
365,2020,Honda Amaze 1.2 S i-VTEC,"6,00,000",Delhi,Petrol,Manual
366,2017,Honda City 1.5 V MT,"7,00,000",Delhi,Petrol,Manual
367,2019,Hyundai Creta 1.6 SX Petrol,"10,75,000",Delhi,Petrol,Manual
368,2021,Maruti Suzuki Baleno Zeta 1.2,"6,99,000",Delhi,Petrol,Manual
369,2019,Tata Tiago Revotron XZ (O),"5,25,000",Delhi,Petrol,Manual
370,2016,Honda City VX CVT,"6,00,000",Delhi,Petrol,Automatic
371,2015,Honda City VX CVT,"6,10,000",Delhi,Petrol,Automatic
372,2019,Mahindra Marazzo M6 7 STR,"7,10,000",Delhi,Diesel,Manual
373,2013,Toyota Innova 2.5 Z 7 SEATER,"6,00,000",Gurugram,Diesel,Manual
374,2024,Maruti Suzuki Baleno Zeta MT CNG,"8,45,000",Gurugram,Cng,Manual
375,2015,Hyundai Grand i10 Sportz 1.1 CRDi,"3,70,000",Gurugram,Diesel,Manual
376,2017,Maruti Suzuki Swift VXi,"4,70,000",Gurugram,Petrol,Manual
377,2015,Ford Aspire Titanium 1.2 Ti-VCT,"3,30,000",Gurugram,Petrol,Manual
378,2019,Maruti Suzuki Celerio VXi CNG,"5,00,000",Gurugram,Petrol + Cng,Manual
379,2014,Hyundai Xcent SX 1.2,"3,30,000",Gurugram,Petrol,Manual
380,2013,Hyundai Verna 1.6 CRDI EX,"3,80,000",Gurugram,Diesel,Manual
381,2016,Honda Amaze 1.2 S i-VTEC,"4,70,000",Gurugram,Petrol,Manual
382,2014,Honda City S i-VTEC,"4,60,000",Gurugram,Petrol,Manual
383,2011,Toyota Etios G,"2,30,000",Gurugram,Petrol,Manual
384,2017,Hyundai Creta 1.6 E+ Petrol,"7,60,000",Gurugram,Petrol,Manual
385,2011,Hyundai i10 Magna 1.2,"1,85,000",Gurugram,Petrol,Manual
386,2012,Hyundai Verna 1.6 CRDI EX,"3,70,000",Gurugram,Diesel,Manual
387,2012,Maruti Suzuki Swift DZire VXi,"2,80,000",Gurugram,Petrol,Manual
388,2017,Ford EcoSport Ambiente 1.5L TDCi,"4,60,000",Gurugram,Diesel,Manual
389,2014,Maruti Suzuki Swift DZire VXi,"3,40,000",Gurugram,Petrol,Manual
390,2013,Maruti Suzuki Wagon R LXi,"2,55,000",Gurugram,Petrol,Manual
391,2014,Toyota Etios Liva GD,"4,20,000",Gurugram,Diesel,Manual
392,2012,Honda City VX CVT i-VTEC,"3,70,000",Delhi,Petrol,Automatic
393,2015,Renault Duster 110 PS RXZ DIESEL OPT,"4,30,000",Delhi,Diesel,Manual
394,2011,Toyota Corolla Altis 1.8 G,"3,00,000",Delhi,Petrol,Manual
395,2018,Maruti Suzuki Vitara Brezza LDi,"5,90,000",Delhi,Diesel,Manual
396,2017,Renault Duster 110 PS RXL 4X2 Diesel AMT,"4,95,000",Delhi,Diesel,Automated Manual Transmission
397,2018,Hyundai i20 1.2 Asta,"5,75,000",Delhi,Petrol,Manual
398,2015,Nissan Terrano XL D,"3,75,000",Delhi,Diesel,Manual
399,2015,Honda City 1.5 V MT,"5,25,000",Delhi,Petrol,Manual
400,2012,Honda City 1.5 V MT,"3,25,000",Delhi,Petrol,Manual
401,2015,Renault Duster 110 PS RXL,"3,70,000",Delhi,Diesel,Manual
402,2017,Maruti Suzuki Baleno Sigma 1.2,"4,60,000",Delhi,Petrol,Manual
403,2015,Maruti Suzuki Celerio VXi AT,"3,25,000",Delhi,Petrol,Automatic
404,2014,Honda Amaze 1.2 S i-VTEC,"3,50,000",Delhi,Petrol,Manual
405,2017,Maruti Suzuki Baleno Sigma 1.2,"4,50,000",Delhi,Petrol,Manual
406,2017,Maruti Suzuki Ciaz Sigma 1.4 MT,"5,00,000",Delhi,Petrol,Manual
407,2014,Maruti Suzuki Ciaz ZDI,"4,50,000",Delhi,Diesel,Manual
408,2017,Maruti Suzuki Dzire VDi,"5,25,000",Delhi,Diesel,Manual
409,2016,Maruti Suzuki Ertiga ZDi + SHVS,"6,60,000",Delhi,Diesel,Manual
410,2018,Tata Nexon Revotorq XZ Plus,"6,00,000",Delhi,Diesel,Manual
411,2017,Mahindra Scorpio S10,"10,00,000",Delhi,Diesel,Manual
412,2017,Mahindra Bolero SLE,"5,40,000",Delhi,Diesel,Manual
413,2015,Maruti Suzuki Celerio Zxi,"3,25,000",Delhi,Petrol,Manual
414,2016,Maruti Suzuki Baleno Delta 1.2,"5,15,000",Delhi,Petrol,Manual
415,2016,Maruti Suzuki Swift VXi,"4,35,000",Delhi,Petrol,Manual
416,2013,Maruti Suzuki Swift VXi,"3,00,000",Delhi,Petrol,Manual
417,2017,Hyundai Grand i10 Sportz 1.1 CRDi,"4,95,000",Delhi,Diesel,Manual
418,2016,Maruti Suzuki Alto K10 LXi CNG,"3,15,000",Delhi,Petrol + Cng,Manual
419,2018,Hyundai Verna FLUIDIC 1.6 CRDI SX (O),"8,00,000",Delhi,Diesel,Manual
420,2012,Maruti Suzuki Swift DZire VXi,"2,95,000",Delhi,Petrol,Manual
421,2011,Maruti Suzuki Swift DZire VXi,"2,65,000",Delhi,Petrol,Manual
422,2018,Hyundai Verna 1.6 SX CRDI AT,"8,60,000",Delhi,Diesel,Automatic
423,2019,Hyundai Creta 1.6 SX Diesel,"11,65,000",Delhi,Diesel,Manual
424,2019,Mahindra XUV300 W8 Diesel,"7,00,000",Delhi,Diesel,Manual
425,2018,Tata Nexon Revotorq XZ Plus,"8,15,000",Delhi,Diesel,Manual
426,2018,Hyundai Grand i10 Sportz 1.2 Kappa VTVT,"4,65,000",Gurugram,Petrol,Manual
427,2023,Citroen C3 Feel 1.2 Petrol,"5,85,000",Gurugram,Petrol,Manual
428,2020,Maruti Suzuki Wagon R LXi 1.0,"4,50,000",Gurugram,Petrol,Manual
429,2018,Maruti Suzuki Dzire VXi,"6,00,000",Gurugram,Petrol,Manual
430,2010,Volkswagen Polo Comfortline 1.2L (P),"1,50,000",Gurugram,Petrol,Manual
431,2017,Maruti Suzuki Vitara Brezza ZDi Plus,"7,25,000",Delhi,Diesel,Manual
432,2012,Maruti Suzuki Swift VXi,"2,65,000",Delhi,Petrol,Manual
433,2014,Honda City SV i-VTEC,"4,95,000",Gurugram,Petrol,Manual
434,2019,Maruti Suzuki Vitara Brezza VDi Opt,"7,25,000",Delhi,Diesel,Manual
435,2018,Volkswagen Polo Highline Plus 1.2 Petrol,"5,75,000",Gurugram,Petrol,Manual
436,2017,Volkswagen Polo Comfortline 1.0 Petrol,"4,45,000",Gurugram,Petrol,Manual
437,2013,Maruti Suzuki Wagon R VXi,"2,45,000",Gurugram,Petrol,Manual
438,2013,Hyundai Verna 1.6 VTVT SX,"3,75,000",Gurugram,Petrol,Manual
439,2019,Honda WR-V VX Diesel,"6,95,000",Gurugram,Diesel,Manual
440,2014,Hyundai Grand i10 Sportz 1.2 Kappa VTVT,"3,30,000",Gurugram,Petrol,Manual
441,2014,Honda Amaze 1.2 S i-VTEC,"3,45,000",Gurugram,Petrol,Manual
442,2015,Ford EcoSport Trend+ 1.0 EcoBoost,"3,95,000",Gurugram,Petrol,Manual
443,2016,Maruti Suzuki Swift DZire VXi,"4,48,000",Gurugram,Petrol,Manual
444,2020,Honda City 5th Generation V Petrol,"8,65,000",Gurugram,Petrol,Manual
445,2016,Hyundai Creta 1.6 SX Opt Diesel,"10,91,841",Delhi,Diesel,Manual
446,2021,Maruti Suzuki Ertiga VXI CNG,"10,43,341",Delhi,Petrol + Cng,Manual
447,2024,Honda Amaze 1.2 E MT Petrol,"7,26,512",Delhi,Petrol,Manual
448,2014,Maruti Suzuki Swift VDi,"4,10,000",Delhi,Diesel,Manual
449,2017,Honda Amaze 1.2 S i-VTEC,"5,95,000",Delhi,Petrol,Manual
450,2018,Maruti Suzuki Ciaz Alpha 1.4 MT,"7,85,000",Delhi,Petrol,Manual
451,2019,Hyundai Elantra 1.6 S MT,"12,75,000",Delhi,Diesel,Manual
452,2019,Toyota Corolla Altis 1.8 GL,"15,75,000",Delhi,Petrol,Manual
453,2017,Hyundai Creta 1.6 SX Diesel,"10,60,000",Delhi,Diesel,Manual
454,2013,Toyota Fortuner 2.8 4x2 AT,"12,90,000",Delhi,Diesel,Automatic
455,2015,Honda Brio S MT,"3,45,000",Delhi,Petrol,Manual
456,2017,Ford EcoSport TITANIUM 1.5 TDCI OPT,"6,60,000",Delhi,Diesel,Manual
457,2016,Maruti Suzuki Baleno Delta AT 1.2,"6,95,000",Delhi,Petrol,Automatic
458,2013,Renault Duster 85 PS RXE DIESEL ADVENTURE,"4,25,000",Delhi,Diesel,Manual
459,2018,Maruti Suzuki Ciaz Sigma 1.4 MT,"7,25,000",Delhi,Petrol,Manual
460,2020,Kia Seltos HTX 1.5 Petrol,"13,85,000",Delhi,Petrol,Manual
461,2018,Honda City S i-VTEC,"7,95,000",Delhi,Petrol,Manual
462,2018,Honda WR-V VX Diesel,"7,00,000",Delhi,Diesel,Manual
463,2018,Honda Jazz V CVT i-VTEC,"8,00,000",Delhi,Petrol,Automatic
464,2017,Maruti Suzuki Ertiga ZDi + SHVS,"9,70,000",Delhi,Diesel,Manual
465,2019,Toyota Fortuner Sigma 4,"32,85,000",Delhi,Diesel,Automatic
466,2017,Mahindra Scorpio S6 Plus 1.99,"10,40,000",Delhi,Diesel,Manual
467,2018,Toyota Innova Crysta 2.4 G 7 STR,"13,85,000",Delhi,Diesel,Manual
468,2021,Kia Seltos HTX 1.5 Petrol,"13,85,000",Delhi,Petrol,Manual
469,2015,Maruti Suzuki Ciaz VXi Plus,"5,75,000",Delhi,Petrol,Manual
470,2017,Maruti Suzuki Ciaz VDI PLUS,"7,60,000",Delhi,Diesel,Manual
471,2021,Toyota Innova Crysta 2.4 GX AT 7 STR BS6,"22,65,000",Delhi,Diesel,Automatic
472,2019,Tata Nexon Revotorq XM,"7,85,000",Delhi,Diesel,Manual
473,2017,Maruti Suzuki Ciaz ZXi AT,"8,25,000",Delhi,Petrol,Automatic
474,2023,Maruti Suzuki Grand Vitara Alpha Smart Hybrid,"17,90,000",Delhi,Hybrid,Manual
475,2019,Mahindra XUV500 W9,"13,00,000",Delhi,Diesel,Manual
476,2017,Maruti Suzuki Baleno Delta 1.2,"6,25,000",Delhi,Petrol,Manual
477,2017,Hyundai Grand i10 SPORTZ AT 1.2 KAPPA VTVT,"5,75,000",Delhi,Petrol,Automatic
478,2016,Maruti Suzuki Ciaz ZDI +,"7,50,000",Delhi,Diesel,Manual
479,2017,Honda Accord Hybrid,"17,95,000",Delhi,Petrol,Automatic
480,2018,Maruti Suzuki Ciaz Alpha 1.4 AT,"10,25,000",Delhi,Petrol,Automatic
481,2022,Skoda Octavia 2.0 Style,"23,55,000",Delhi,Petrol,Automatic
482,2019,Hyundai Creta 1.6 SX AT Petrol,"13,30,000",Delhi,Petrol,Automatic
483,2019,Hyundai Creta 1.6 SX+ AT Petrol,"13,00,000",Delhi,Petrol,Automatic
484,2019,Mahindra XUV500 W11,"14,00,000",Delhi,Diesel,Manual
485,2016,Honda City VX AT,"8,30,000",Delhi,Petrol,Automatic
486,2021,Mahindra Thar LX 4 STR Hard Top Diesel AT BS6,"13,80,000",Gurugram,Diesel,Automatic
487,2019,Ford Endeavour Titanium 2.2 4x2 MT,"22,50,000",Gurugram,Diesel,Manual
488,2016,Mahindra TUV300 T6 Plus,"4,80,000",Delhi,Diesel,Manual
489,2015,Hyundai Creta 1.6 SX+ Petrol,"8,10,000",Delhi,Petrol,Manual
490,2020,Kia Seltos HTK 1.5 Petrol,"8,60,000",Gurugram,Petrol,Manual
491,2018,Honda Amaze 1.5 V i-DTEC,"6,50,000",Delhi,Diesel,Manual
492,2014,Hyundai Grand i10 Asta AT 1.2 Kappa VTVT (O),"3,10,000",Gurugram,Petrol,Automatic
493,2015,Hyundai i20 Asta 1.4,"4,80,000",Delhi,Diesel,Manual
494,2015,Hyundai i20 Sportz 1.2,"4,70,000",Delhi,Petrol,Manual
495,2014,Maruti Suzuki Celerio Vxi,"2,83,000",Delhi,Petrol,Manual
496,2018,Maruti Suzuki Wagon R VXi,"3,80,000",Delhi,Petrol,Manual
497,2015,Honda Mobilio V i-VTEC,"4,80,000",Delhi,Petrol,Manual
498,2013,Hyundai Accent GL,"1,90,000",Delhi,Petrol,Manual
499,2013,Maruti Suzuki Swift DZire VXi,"2,90,000",Gurugram,Petrol,Manual
500,2017,Hyundai Grand i10 Magna 1.2 Kappa VTVT,"3,90,000",Delhi,Petrol,Manual
501,2013,Maruti Suzuki A-star Vxi AT,"2,50,000",Gurugram,Petrol,Automatic
502,2021,Hyundai Venue S Plus 1.2 Petrol BS6,"8,90,000",Delhi,Petrol,Manual
503,2016,Hyundai Creta 1.6 SX+ AT Diesel,"6,25,000",Gurugram,Diesel,Automatic
504,2023,Maruti Suzuki Brezza Zxi Dual Tone,"11,67,191",Delhi,Petrol,Manual
505,2018,Hyundai Creta 1.6 SX+ AT Diesel,"8,85,000",Gurugram,Diesel,Automatic
506,2015,Toyota Corolla Altis 1.8 GL,"7,30,000",Delhi,Petrol,Manual
507,2014,Renault Duster 110 PS RXL,"3,10,000",Delhi,Diesel,Manual
508,2015,Ford EcoSport Titanium 1.5L Ti-VCT,"3,95,000",Delhi,Petrol,Manual
509,2020,Tata Nexon XM (S) Petrol,"6,70,000",Delhi,Petrol,Manual
510,2023,Mahindra Thar LX 4 STR Hard Top Diesel MT,"15,50,000",Delhi,Diesel,Manual
511,2017,Toyota Innova Crysta 2.4 VX 7 STR,"13,50,000",Gurugram,Diesel,Manual
512,2018,Maruti Suzuki Alto 800 LXi,"3,10,000",Gurugram,Petrol,Manual
513,2021,Maruti Suzuki Swift LXi BS6,"5,50,000",Gurugram,Petrol,Manual
514,2015,Hyundai i20 Active 1.4 SX,"4,10,000",Gurugram,Diesel,Manual
515,2021,Maruti Suzuki Baleno Sigma 1.2,"5,50,000",Gurugram,Petrol,Manual
516,2013,Hyundai Eon Magna +,"2,25,000",Gurugram,Petrol,Manual
517,2017,Hyundai Creta 1.6 E+ Petrol,"8,00,000",Delhi,Petrol,Manual
518,2017,Hyundai Creta 1.6 SX AT Diesel,"7,50,000",Gurugram,Diesel,Automatic
519,2022,Mahindra XUV700 AX 7 Petrol AT 7 STR,"22,50,000",Delhi,Petrol,Automatic
520,2019,Honda City ZX CVT i-VTEC,"11,25,000",Delhi,Petrol,Automatic
521,2016,Maruti Suzuki Baleno Delta 1.2,"4,45,000",Gurugram,Petrol,Manual
522,2010,Tata Manza Aura ABS Quadrajet BS-IV,"1,85,000",Gurugram,Diesel,Manual
523,2016,Honda Amaze 1.2 S i-VTEC,"3,49,000",Gurugram,Petrol,Manual
524,2018,Toyota Yaris J AT,"7,10,000",Gurugram,Petrol,Automatic
525,2017,Maruti Suzuki Wagon R VXi,"3,25,000",Gurugram,Petrol,Manual
526,2016,Honda City VX (O) MT,"6,40,000",Gurugram,Petrol,Manual
527,2021,Kia Seltos HTX IVT 1.5 Petrol,"12,50,000",Delhi,Petrol,Automatic
528,2021,Hyundai Creta SX 1.5 Petrol BS6,"12,00,000",Delhi,Petrol,Manual
529,2018,Skoda Octavia 1.8 TSI L&K AT,"26,90,000",Mumbai,Petrol,Automatic
530,2016,Hyundai Elantra 2.0 SX (O) AT,"10,25,000",Delhi,Petrol,Automatic
531,2024,Hyundai Exter S 1.2 MT,"6,90,000",Delhi,Petrol,Manual
532,2022,Force Gurkha 4X4,"13,95,000",Mumbai,Diesel,Manual
533,2023,Hyundai Creta SX (O) 1.5 Petrol CVT,"18,50,000",Mumbai,Petrol,Automatic
534,2017,Maruti Suzuki Alto LXi BS-IV,"2,90,000",Gurugram,Petrol,Manual
535,2015,Maruti Suzuki Swift LXi,"3,70,000",Gurugram,Petrol,Manual
536,2019,Honda City V CVT i-VTEC,"8,50,000",Mumbai,Petrol,Automatic
537,2018,Maruti Suzuki Ignis Alpha 1.2 MT,"4,95,000",Gurugram,Petrol,Manual
538,2023,Volkswagen Taigun Topline 1.0 TSI AT,"14,75,000",Mumbai,Petrol,Automatic
539,2022,Maruti Suzuki Baleno Zeta 1.2,"7,10,000",Gurugram,Petrol,Manual
540,2012,Maruti Suzuki Swift DZire VXi,"2,90,000",Gurugram,Petrol,Manual
541,2021,MG Hector Sharp 1.5 Petrol CVT,"14,95,000",Mumbai,Petrol,Automatic
542,2011,Hyundai i20 Magna 1.2,"2,30,000",Gurugram,Petrol,Manual
543,2022,MG Astor Smart 1.5 CVT,"12,30,000",Mumbai,Petrol,Automatic
544,2020,Hyundai Creta 1.6 E+ Petrol,"8,90,000",Gurugram,Petrol,Manual
545,2022,Jeep Meridian Limited (O) 4X2 AT,"28,75,000",Delhi,Diesel,Automatic
546,2022,Toyota Innova Crysta 2.4 ZX AT 7 STR,"29,85,000",Delhi,Diesel,Automatic
547,2021,Mahindra Thar LX 4 STR Hard Top Petrol AT BS6,"13,30,000",Mumbai,Petrol,Automatic
548,2019,Honda City ZX i-VTEC,"10,20,000",Mumbai,Petrol,Manual
549,2022,Kia Carnival Limousine 7 STR,"32,65,000",Delhi,Diesel,Automatic
550,2017,Honda WR-V VX Petrol,"6,35,000",Mumbai,Petrol,Manual
551,2020,Maruti Suzuki XL6 Alpha AT Petrol,"10,95,000",Mumbai,Petrol,Automatic
552,2021,Maruti Suzuki XL6 Zeta AT Petrol,"10,95,000",Mumbai,Petrol,Automatic
553,2019,Maruti Suzuki Ciaz Alpha 1.4 AT,"8,50,000",Mumbai,Petrol,Automatic
554,2023,Skoda Kushaq Style 1.5L TSI MT,"16,65,000",Mumbai,Petrol,Manual
555,2016,Honda Jazz V AT,"5,40,000",Gurugram,Petrol,Automatic
556,2021,Hyundai Venue SX (O) 1.0 Turbo iMT BS6,"8,90,000",Gurugram,Petrol,Automatic
557,2018,Maruti Suzuki Vitara Brezza VDi AGS,"6,60,000",Gurugram,Diesel,Automated Manual Transmission
558,2022,Hyundai Creta S 1.5 Petrol,"12,50,000",Gurugram,Petrol,Manual
559,2020,Mahindra Bolero B6 BS6,"7,85,000",Gurugram,Diesel,Manual
560,2021,Kia Seltos HTX 1.5 Petrol,"12,25,000",Gurugram,Petrol,Manual
561,2022,Toyota Urban Cruiser Mid MT,"8,20,000",Gurugram,Petrol,Manual
562,2021,Maruti Suzuki Wagon R LXi (O) 1.0 CNG,"5,25,000",Gurugram,Petrol + Cng,Manual
563,2014,Maruti Suzuki SX4 VXi CNG,"2,70,000",Gurugram,Petrol + Cng,Manual
564,2019,Maruti Suzuki Swift ZXi Plus AMT,"6,30,000",Gurugram,Petrol,Automated Manual Transmission
565,2020,Hyundai Creta S 1.5 Petrol BS6,"10,65,000",Gurugram,Petrol,Manual
566,2022,Kia Carens Luxury 1.5 Diesel 7 STR,"15,90,000",Gurugram,Diesel,Manual
567,2020,Honda City 5th Generation VX Petrol,"9,50,000",Gurugram,Petrol,Manual
568,2017,Maruti Suzuki Dzire VXi,"4,60,000",Gurugram,Petrol,Manual
569,2012,Toyota Corolla Altis D 4D G,"3,35,000",Gurugram,Diesel,Manual
570,2024,Toyota Innova Hycross ZX (O) Hybrid 7 STR,"36,57,000",Mumbai,Hybrid,Automatic
571,2022,Tata Safari XT Plus Diesel,"17,40,000",Gurugram,Diesel,Manual
572,2008,Toyota Corolla H4 1.8 G,"2,95,000",Mumbai,Petrol,Automatic
573,2022,Kia Sonet HTE 1.5,"9,00,000",Mumbai,Diesel,Manual
574,2023,Tata Nexon Creative DT Petrol,"12,95,000",Mumbai,Petrol,Manual
575,2019,Maruti Suzuki Ertiga TOUR M CNG,"6,90,000",Gurugram,Petrol + Cng,Manual
576,2015,Maruti Suzuki Swift DZire VXi,"3,70,000",Gurugram,Petrol,Manual
577,2016,Honda Amaze 1.2 VX i-VTEC Opt,"4,15,000",Mumbai,Petrol,Manual
578,2021,Hyundai Creta SX (O) 1.5 Petrol CVT BS6,"16,20,000",Mumbai,Petrol,Automatic
579,2021,Toyota Innova Crysta 2.4 ZX AT 7 STR BS6,"20,80,000",Gurugram,Diesel,Automatic
580,2018,Maruti Suzuki Vitara Brezza ZDi,"6,20,000",Gurugram,Diesel,Manual
581,2020,Hyundai Elantra 1.5 SX (O) AT BS6,"13,50,000",Mumbai,Diesel,Automatic
582,2016,Maruti Suzuki Baleno Zeta 1.2,"5,40,000",Mumbai,Petrol,Manual
583,2022,Kia Sonet GTX Plus 1.5 AT,"12,80,000",Gurugram,Diesel,Automatic
584,2020,Hyundai Venue SX 1.0 Petrol,"9,00,000",Mumbai,Petrol,Manual
585,2018,Skoda Rapid 1.5 TDI CR Ambition AT,"8,75,000",Mumbai,Diesel,Automatic
586,2019,Skoda Kodiaq L&K 2.0 TDI 4x4 AT,"29,90,000",Mumbai,Diesel,Automatic
587,2020,Tata Nexon XZA Plus Petrol,"8,75,000",Mumbai,Petrol,Automated Manual Transmission
588,2014,Hyundai Xcent SX AT 1.2 OPT,"3,95,000",Delhi,Petrol,Automatic
589,2022,Skoda Octavia 2.0 L&K,"22,90,000",Mumbai,Petrol,Automatic
590,2017,Hyundai Tucson 2WD AT GLS Diesel,"15,65,000",Bangalore,Diesel,Automatic
591,2015,Maruti Suzuki Ciaz Zxi,"5,25,000",Bhopal,Petrol,Manual
592,2015,Honda Mobilio V i-VTEC,"5,00,000",Tiruchirappalli,Petrol,Manual
593,2014,Hyundai i10 Sportz 1.2,"3,45,000",Chennai,Petrol,Manual
594,2018,Honda City V CVT i-VTEC,"8,20,000",Kochi,Petrol,Automatic
595,2023,Hyundai Verna SX 1.5 Turbo Petrol MT,"12,50,000",Noida,Petrol,Manual
596,2010,Maruti Suzuki Alto K10 LXi,"1,70,000",Ahmedabad,Petrol,Manual
597,2013,Maruti Suzuki Ritz Vxi (ABS) BS-IV,"2,25,000",Ahmedabad,Petrol,Manual
598,2019,Honda City V i-VTEC,"7,85,000",Rajahmundry,Petrol,Manual
599,2019,Maruti Suzuki Baleno Sigma 1.2,"5,80,000",Delhi,Petrol,Manual
600,2013,Ford EcoSport TITANIUM 1.0 ECOBOOST,"4,10,000",Delhi,Petrol,Manual
601,2011,Hyundai i10 Magna,"2,00,000",Delhi,Petrol,Manual
602,2012,Maruti Suzuki Zen Estilo LXi,"2,20,000",Delhi,Petrol,Manual
603,2019,Hyundai Grand i10 Magna 1.2 Kappa VTVT,"5,10,000",Delhi,Petrol,Manual
604,2022,Tata Harrier XT,"17,00,000",Delhi,Diesel,Manual
605,2018,Hyundai Verna Fluidic 1.6 CRDI S AT,"8,40,000",Delhi,Diesel,Automatic
606,2012,Hyundai Eon Era,"3,30,000",Delhi,Petrol,Manual
607,2018,Hyundai Grand i10 Sportz 1.2 Kappa VTVT,"4,60,000",Delhi,Petrol,Manual
608,2017,Maruti Suzuki Swift DZire VXi,"5,40,000",Delhi,Petrol,Manual
609,2022,Maruti Suzuki Wagon R LXi 1.0 CNG,"5,80,000",Gurugram,Petrol + Cng,Manual
610,2011,Hyundai Santro Xing GL,"1,50,000",Delhi,Petrol,Manual
611,2021,Maruti Suzuki Wagon R LXi 1.0 CNG BS6,"5,30,000",Gurugram,Petrol + Cng,Manual
612,2016,Maruti Suzuki Swift DZire VDi,"4,20,000",Gurugram,Diesel,Manual
613,2023,Maruti Suzuki Swift VXi CNG,"9,10,000",Gurugram,Cng,Manual
614,2016,Mahindra TUV300 T8,"5,20,000",Delhi,Diesel,Manual
615,2017,Hyundai Elite i20 Magna 1.4 CRDi,"5,30,000",Gurugram,Diesel,Manual
616,2018,Maruti Suzuki Swift LXi,"5,50,000",Delhi,Petrol,Manual
617,2014,Hyundai Grand i10 Magna,"3,80,000",Gurugram,Petrol,Manual
618,2015,Honda Jazz S i-VTEC,"3,90,000",Delhi,Petrol,Manual
619,2019,Maruti Suzuki Alto 800 LXi CNG,"2,90,000",Gurugram,Petrol + Cng,Manual
620,2017,Datsun Redi-GO 1.0 S,"2,50,000",Delhi,Petrol,Manual
621,2023,Mahindra Thar LX 4 STR Hard Top Diesel MT,"16,50,000",Gurugram,Diesel,Manual
622,2021,Kia Sonet HTK Plus 1.0 iMT,"9,25,000",Gurugram,Petrol,Manual
623,2022,Renault Triber RXT,"5,49,000",Gurugram,Petrol,Manual
624,2015,Hyundai Creta 1.6 SX Petrol,"7,10,000",Delhi,Petrol,Manual
625,2011,Maruti Suzuki Alto K10 VXi,"1,85,000",Delhi,Petrol,Manual
626,2019,Maruti Suzuki Ertiga VXi,"8,20,000",Delhi,Petrol,Manual
627,2020,Mahindra Thar LX 4 STR Hard Top Diesel MT BS6,"11,50,000",Delhi,Diesel,Manual
628,2014,SKODA SUPERB Elegance 1.8 TSI AT,"5,00,000",Delhi,Petrol,Automatic
629,2020,Maruti Suzuki Baleno Zeta 1.2,"6,50,000",Delhi,Petrol,Manual
630,2014,Toyota Innova 2.5 G 8 STR BS III,"6,35,000",Mumbai,Diesel,Manual
631,2011,Maruti Suzuki Zen Estilo LXI CNG BS IV,"2,00,000",Delhi,Petrol + Cng,Manual
632,2021,Maruti Suzuki S-Presso LXi CNG,"5,30,000",Delhi,Petrol + Cng,Manual
633,2019,Maruti Suzuki Baleno Delta 1.2,"5,65,000",Gurugram,Petrol,Manual
634,2020,Renault KWID 1.0 RXT,"3,40,000",Delhi,Petrol,Manual
635,2022,Tata Nexon XM (S) Petrol,"8,99,000",Gurugram,Petrol,Manual
636,2015,Mahindra Thar 4X4,"4,80,000",Delhi,Diesel,Manual
637,2019,Maruti Suzuki Dzire Tour S DIESEL,"5,25,000",Gurugram,Diesel,Manual
638,2017,Renault Lodgy 110 PS RXZ 7 STR,"5,50,000",Delhi,Diesel,Manual
639,2017,Hyundai Creta 1.6 SX AT Diesel,"7,50,000",Gurugram,Diesel,Automatic
640,2019,Maruti Suzuki Dzire Tour S DIESEL,"5,25,000",Gurugram,Diesel,Manual
641,2021,Tata Harrier XT Plus BS6,"15,50,000",Gurugram,Diesel,Manual
642,2019,Maruti Suzuki S-Presso VXi,"4,70,000",Delhi,Petrol,Manual
643,2020,Maruti Suzuki Eeco Flexi green CNG,"4,65,000",Gurugram,Petrol + Cng,Manual
644,2018,Volkswagen Polo Comfortline 1.0 Petrol,"4,50,000",Delhi,Petrol,Manual
645,2019,Maruti Suzuki Wagon R LXi CNG,"4,75,000",Gurugram,Petrol + Cng,Manual
646,2019,Toyota Fortuner 2.7 4x2 AT,"29,75,000",Delhi,Petrol,Automatic
647,2022,Skoda Kushaq Ambition 1.0L TSI AT,"14,85,000",Delhi,Petrol,Automatic
648,2018,Honda WR-V S Petrol,"6,25,000",Delhi,Petrol,Manual
649,2019,Hyundai Venue S 1.0 Petrol,"8,45,000",Delhi,Petrol,Manual
650,2014,Hyundai Elite i20 Sportz 1.2,"4,25,000",Delhi,Petrol,Manual
651,2021,MG Hector Sharp 1.5 DCT Petrol,"17,95,000",Delhi,Petrol,Automatic
652,2011,Toyota Corolla Altis 1.8 V AT,"2,65,000",Mango,Petrol,Automatic
653,2018,Honda Amaze 1.5 V i-DTEC,"7,25,000",Delhi,Diesel,Manual
654,2016,Maruti Suzuki Baleno Alpha 1.2,"6,75,000",Delhi,Petrol,Manual
655,2010,Honda Accord 2.4 VTI L AT,"2,65,000",Mumbai,Petrol,Automatic
656,2014,Honda City SV i-VTEC,"5,25,000",Delhi,Petrol,Manual
657,2016,Mahindra XUV500 W10 AT,"12,50,000",Delhi,Diesel,Automatic
658,2020,Hyundai Grand i10 Nios Sportz 1.2 Kappa VTVT,"5,50,000",Mango,Petrol,Manual
659,2023,Hyundai Venue SX (O) 1.0 Turbo DCT,"13,85,000",Delhi,Petrol,Automatic
660,2011,Maruti Suzuki Wagon R LXi,"1,75,000",Mumbai,Petrol,Manual
661,2015,Honda Jazz S CVT i-VTEC,"5,65,000",Delhi,Petrol,Automatic
662,2010,Nissan Micra XL PETROL,"1,55,000",Mumbai,Petrol,Manual
663,2022,Skoda Kushaq Style 1.0L TSI AT,"14,85,000",Delhi,Petrol,Automatic
664,2013,Chevrolet Beat LT Petrol,"1,75,000",Mango,Petrol,Manual
665,2020,Maruti Suzuki XL6 Alpha AT Petrol,"11,35,000",Delhi,Petrol,Automatic
666,2013,Hyundai Verna 1.4 VTVT,"4,75,000",Delhi,Petrol,Manual
667,2016,Maruti Suzuki Baleno Delta 1.2,"4,97,000",Delhi,Petrol,Manual
668,2018,Honda Amaze 1.2 V i-VTEC,"6,85,000",Delhi,Petrol,Manual
669,2020,Honda City 5th Generation V Petrol,"11,65,000",Delhi,Petrol,Manual
670,2013,Honda City S i-VTEC,"3,60,000",Mumbai,Petrol,Manual
671,2016,Ford EcoSport Trend 1.5L TDCi,"4,85,000",Delhi,Diesel,Manual
672,2010,Ford Figo Duratorq EXI,"1,50,000",Mango,Diesel,Manual
673,2012,Hyundai i20 Era 1.2,"2,35,000",Mango,Petrol,Manual
674,2020,Hyundai Santro SPORTZ CNG,"4,65,000",Gurugram,Petrol + Cng,Manual
675,2011,Volkswagen Polo Trendline 1.2L (P),"2,15,000",Delhi,Petrol,Manual
676,2020,Toyota Innova Crysta 2.4 GX 7 STR,"16,75,000",Gurugram,Diesel,Manual
677,2019,Toyota Yaris VX AT,"8,00,000",Mumbai,Petrol,Automatic
678,2023,Kia Sonet HTK 1.2,"9,25,000",Gurugram,Petrol,Manual
679,2016,Maruti Suzuki Ciaz Zxi,"6,85,000",Delhi,Petrol,Manual
680,2015,Honda Amaze 1.2 S i-VTEC,"4,65,000",Delhi,Petrol,Manual
681,2017,Toyota Fortuner 2.7 4x2 AT,"20,99,000",Gurugram,Petrol,Automatic
682,2022,Honda City 5th Generation VX Petrol,"14,50,000",Delhi,Petrol,Manual
683,2011,Honda City V MT CNG,"2,60,000",Delhi,Petrol + Cng,Manual
684,2016,Honda City VX CVT i-VTEC,"7,95,000",Delhi,Petrol,Automatic
685,2019,Ford Aspire Titanium Plus 1.5 TDCi,"4,75,000",Gurugram,Diesel,Manual
686,2019,Honda City SV i-VTEC,"9,25,000",Delhi,Petrol,Manual
687,2022,Tata Punch Creative MT,"7,75,000",Gurugram,Petrol,Manual
688,2022,Honda City 5th Generation ZX CVT Petrol,"16,85,000",Delhi,Petrol,Automatic
689,2014,Honda City VX AT,"5,65,000",Mumbai,Petrol,Automatic
690,2021,Tata Tiago XT (O),"4,99,000",Gurugram,Petrol,Manual
691,2016,Maruti Suzuki Ertiga VXi CNG,"6,45,000",Delhi,Petrol + Cng,Manual
692,2019,Maruti Suzuki Wagon R LXi CNG,"4,55,000",Gurugram,Petrol + Cng,Manual
693,2007,Mahindra Scorpio 2.6 CRDE,"2,75,000",Delhi,Diesel,Manual
694,2017,Mahindra XUV500 W6,"9,75,000",Delhi,Diesel,Manual
695,2019,Maruti Suzuki Wagon R LXi CNG,"4,55,000",Gurugram,Petrol + Cng,Manual
696,2017,Mahindra Scorpio S4 Plus,"10,25,000",Delhi,Diesel,Manual
697,2023,Kia Sonet HTE 1.5 Diesel iMT,"9,30,000",Delhi,Diesel,Manual
698,2018,Maruti Suzuki Swift VXi AMT,"5,50,000",Gurugram,Petrol,Automated Manual Transmission
699,2019,Honda Amaze 1.2 V i-VTEC,"6,40,000",Gurugram,Petrol,Manual
700,2022,Hyundai Creta EX 1.5 Diesel,"12,50,000",Gurugram,Diesel,Manual
701,2023,Maruti Suzuki Baleno Delta 1.2,"7,40,000",Gurugram,Petrol,Manual
702,2022,Maruti Suzuki Wagon R VXi 1.0,"5,60,000",Gurugram,Petrol,Manual
703,2016,Ford Endeavour Titanium 3.2 4x4 AT,"18,50,000",Gurugram,Diesel,Automatic
704,2021,Honda City 5th Generation VX Petrol,"9,60,000",Gurugram,Petrol,Manual
705,2015,Honda City VX,"5,00,000",Delhi,Petrol,Manual
706,2018,Maruti Suzuki Ciaz ZXi+,"6,00,000",Delhi,Petrol,Manual
707,2014,Ford EcoSport TITANIUM 1.5 TDCI OPT,"3,75,000",Delhi,Diesel,Manual
708,2023,Maruti Suzuki Jimny Alpha AT,"14,00,000",Delhi,Petrol,Automatic
709,2023,MG Hector Sharp Pro 1.5 Petrol Turbo CVT,"20,50,000",Delhi,Petrol,Automatic
710,2011,Skoda Fabia AMBIENTE 1.2 TDI,"1,45,000",Delhi,Diesel,Manual
711,2014,Maruti Suzuki Ritz VXi,"2,45,000",Delhi,Petrol,Manual
712,2012,Tata Manza Aura Plus Safire BS-IV,"1,65,000",Delhi,Petrol,Manual
713,2020,Tata Altroz XZ Petrol,"5,99,000",Delhi,Petrol,Manual
714,2007,Maruti Suzuki Esteem VXi,"65,000",Delhi,Petrol,Manual
715,2018,Maruti Suzuki Baleno Zeta AT 1.2,"6,00,000",Delhi,Petrol,Automatic
716,2011,Honda Accord 2.4 AT,"3,88,888",Delhi,Petrol,Automatic
717,2022,Maruti Suzuki Baleno Zeta 1.2 AT,"7,49,999",Delhi,Petrol,Automatic
718,2017,Maruti Suzuki Baleno Zeta 1.2,"5,00,000",Delhi,Petrol,Manual
719,2022,Mahindra Thar LX 4 STR Hard Top Diesel AT,"17,25,000",Delhi,Diesel,Automatic
720,2016,Isuzu D-Max V-Cross 4X4,"12,75,000",Delhi,Diesel,Manual
721,2020,Honda BR-V V Diesel,"9,65,000",Delhi,Diesel,Manual
722,2014,Mahindra XUV500 W8,"7,95,000",Delhi,Diesel,Manual
723,2018,Toyota Innova Crysta 2.7 GX AT 7 STR,"16,95,000",Delhi,Petrol,Automatic
724,2016,Hyundai Creta 1.6 SX Petrol,"9,85,000",Delhi,Petrol,Manual
725,2014,Mahindra XUV500 W6,"7,95,000",Delhi,Diesel,Manual
726,2018,Toyota Innova Crysta 2.4 G 7 STR,"15,95,000",Delhi,Diesel,Manual
727,2017,Toyota Innova Crysta 2.8 GX AT 7 STR,"17,85,000",Delhi,Diesel,Automatic
728,2018,Toyota Innova Crysta 2.4 G Plus 8 STR,"16,75,000",Delhi,Diesel,Manual
729,2019,Honda BR-V V CVT Petrol,"8,75,000",Delhi,Petrol,Automatic
730,2018,Ford Endeavour Titanium 3.2 4x4 AT,"25,75,000",Delhi,Diesel,Automatic
731,2017,Mahindra TUV300 T8,"6,55,000",Delhi,Diesel,Manual
732,2018,Honda WR-V VX Diesel,"8,35,000",Delhi,Diesel,Manual
733,2014,Hyundai Grand i10 ASTA 1.2 KAPPA VTVT,"3,50,000",Delhi,Petrol,Manual
734,2016,Maruti Suzuki Swift LXi,"3,40,000",Gurugram,Petrol,Manual
735,2018,Maruti Suzuki Swift ZXi,"5,00,000",Gurugram,Petrol,Manual
736,2017,Mahindra KUV100 K4 5 STR,"2,80,000",Gurugram,Petrol,Manual
737,2020,Honda City VX CVT i-VTEC,"12,50,000",Delhi,Petrol,Automatic
738,2023,Toyota Rumion V AT,"14,60,000",Delhi,Petrol,Automatic
739,2017,Maruti Suzuki Baleno Delta 1.3,"5,90,000",Gurugram,Diesel,Manual
740,2024,Hyundai Grand i10 Nios Era 1.2 Kappa VTVT,"6,30,000",Delhi,Petrol,Manual
741,2014,Honda City 1.5 S MT,"5,90,000",Delhi,Petrol,Manual
742,2019,Toyota Innova Crysta 2.7 GX 7 STR,"17,70,000",Delhi,Petrol,Manual
743,2022,Renault Triber RXT,"7,10,000",Delhi,Petrol,Manual
744,2022,Mahindra Bolero B6 (O),"10,90,000",Delhi,Diesel,Manual
745,2021,Kia Seltos HTX 1.5 Diesel,"13,30,000",Delhi,Diesel,Manual
746,2019,Hyundai Grand i10 Nios Sportz AMT 1.2 CRDi,"7,10,000",Delhi,Diesel,Automated Manual Transmission
747,2021,MG Hector Sharp 1.5 Petrol CVT,"16,70,000",Delhi,Petrol,Automatic
748,2022,MG Hector Shine 1.5 Petrol Turbo MT,"15,20,000",Delhi,Petrol,Manual
749,2023,Hyundai Verna SX (O) 1.5 Turbo Petrol MT,"16,40,000",Delhi,Petrol,Manual
750,2014,Maruti Suzuki Swift DZire LXi,"3,50,000",Gurugram,Petrol,Manual
751,2015,Maruti Suzuki Ciaz VXi Plus,"4,80,000",Gurugram,Petrol,Manual
752,2019,Tata Tiago Revotorq XT,"4,00,000",Gurugram,Diesel,Manual
753,2023,Hyundai Verna SX (O) 1.5 Turbo Petrol DCT,"17,80,000",Delhi,Petrol,Automatic
754,2021,Maruti Suzuki Ignis Sigma 1.2 MT,"5,00,000",Gurugram,Petrol,Manual
755,2024,Hyundai Verna SX 1.5 VTVT IVT,"15,00,000",Delhi,Petrol,Automatic
756,2016,Maruti Suzuki Wagon R VXi,"2,50,000",Gurugram,Petrol,Manual
757,2017,Maruti Suzuki Ciaz ZDi+ SHVS,"7,90,000",Delhi,Diesel,Manual
758,2023,Mahindra Scorpio N Z2 Petrol 7 STR,"15,70,000",Delhi,Petrol,Manual
759,2022,Toyota Urban Cruiser High MT,"7,20,000",Gurugram,Petrol,Manual
760,2019,Hyundai Venue SX 1.0 Turbo,"8,55,000",Delhi,Petrol,Manual
761,2017,Maruti Suzuki Swift DZire LXi Opt,"4,25,000",Gurugram,Petrol,Manual
762,2021,Kia Seltos HTX 1.5 Petrol,"13,95,000",Delhi,Petrol,Manual
763,2013,Volkswagen Vento Highline Petrol AT,"4,85,000",Delhi,Petrol,Automatic
764,2022,Hyundai Aura S 1.2 CNG Petrol,"8,35,000",Delhi,Petrol + Cng,Manual
765,2014,Toyota Corolla Altis D 4D GL,"5,00,000",Gurugram,Diesel,Manual
766,2017,Honda Jazz V AT,"5,50,000",Gurugram,Petrol,Automatic
767,2017,Volkswagen Polo Comfortline 1.2L (P),"4,45,000",Delhi,Petrol,Manual
768,2019,Maruti Suzuki Vitara Brezza VDi Opt,"7,75,000",Delhi,Diesel,Manual
769,2017,Tata Tiago Revotorq XZ,"4,85,000",Delhi,Diesel,Manual
770,2015,Honda Mobilio S i-DTEC,"4,65,000",Delhi,Diesel,Manual
771,2016,Maruti Suzuki Swift DZire VDi,"5,35,000",Delhi,Diesel,Manual
772,2015,Maruti Suzuki Ciaz ZDi+ SHVS,"7,85,000",Delhi,Diesel,Manual
773,2020,Maruti Suzuki Celerio VXi CNG BS6,"4,50,000",Gurugram,Petrol + Cng,Manual
774,2016,Toyota Etios Liva V,"3,50,000",Gurugram,Petrol,Manual
775,2012,Toyota Etios G,"2,49,000",Gurugram,Petrol,Manual
776,2023,Citroen C3 Aircross Max 7 STR,"10,00,000",Delhi,Petrol,Manual
777,2014,Maruti Suzuki Swift DZire VXi,"4,00,000",Gurugram,Petrol,Manual
778,2019,Maruti Suzuki Eeco 5 STR CNG With HTR,"4,60,000",Delhi,Petrol + Cng,Manual
779,2016,Hyundai Creta 1.6 SX AT Diesel,"11,65,000",Delhi,Diesel,Automatic
780,2014,Hyundai Eon Era +,"2,68,000",Delhi,Petrol,Manual
781,2023,Hyundai i20 Asta (O) 1.2 MT,"9,30,000",Delhi,Petrol,Manual
782,2019,Hyundai Verna 1.6 VTVT SX,"10,65,000",Delhi,Petrol,Manual
783,2018,Mahindra Scorpio S5 2WD,"9,80,000",Delhi,Diesel,Manual
784,2018,Maruti Suzuki Baleno Delta 1.2,"6,85,000",Delhi,Petrol,Manual
785,2010,Maruti Suzuki SX4 VXi,"1,35,000",Delhi,Petrol,Manual
786,2024,Mahindra Scorpio N Z4 Diesel MT 2WD 7 STR E,"18,30,000",Delhi,Diesel,Manual
787,2021,Maruti Suzuki Vitara Brezza VXi,"7,75,000",Delhi,Petrol,Manual
788,2017,Honda BR-V V Petrol,"5,95,000",Delhi,Petrol,Manual
789,2017,Maruti Suzuki Wagon R LXi CNG,"3,85,000",Gurugram,Petrol + Cng,Manual
790,2016,Maruti Suzuki Swift DZire ZXi,"4,65,000",Gurugram,Petrol,Manual
791,2017,Maruti Suzuki Celerio VXi,"3,60,000",Gurugram,Petrol,Manual
792,2014,Maruti Suzuki Wagon R LXi,"2,65,000",Gurugram,Petrol,Manual
793,2024,Toyota Glanza G CNG,"9,20,000",Gurugram,Cng,Manual
794,2018,Maruti Suzuki Wagon R LXi CNG,"3,85,000",Gurugram,Petrol + Cng,Manual
795,2020,Hyundai Grand i10 Nios Sportz 1.2 Kappa VTVT,"5,60,000",Delhi,Petrol,Manual
796,2018,Hyundai Creta 1.6 SX AT Petrol,"10,00,000",Delhi,Petrol,Automatic
797,2017,Skoda Rapid Ambition Plus 1.5 TDI CR,"5,75,000",Delhi,Diesel,Manual
798,2018,Mahindra TUV300 T10,"5,99,000",Delhi,Diesel,Manual
799,2020,Tata Harrier XZ,"13,50,000",Delhi,Diesel,Manual
800,2016,Chevrolet Cruze 2.0 LTZ MT,"4,90,000",Delhi,Diesel,Manual
801,2015,Mahindra Scorpio S8 7 Seater,"6,75,000",Delhi,Diesel,Manual
802,2016,Mahindra Scorpio S4 Plus,"7,75,000",Delhi,Diesel,Manual
803,2017,Mahindra XUV500 W10,"7,45,000",Delhi,Diesel,Manual
804,2019,Hyundai Creta 1.4 E+ Diesel,"7,80,000",Delhi,Diesel,Manual
805,2018,Force Gurkha Xplorer,"8,25,000",Delhi,Diesel,Manual
806,2016,Maruti Suzuki Vitara Brezza ZDi,"4,85,000",Gurugram,Diesel,Manual
807,2017,Hyundai Creta 1.6 SX AT Diesel,"6,50,000",Gurugram,Diesel,Automatic
808,2019,MG Hector Sharp 2.0 Diesel,"12,95,000",Delhi,Diesel,Manual
809,2017,Toyota Innova Crysta 2.4 G 7 STR,"12,50,000",Gurugram,Diesel,Manual
810,2020,Maruti Suzuki XL6 Zeta MT Petrol,"8,95,000",Delhi,Petrol,Manual
811,2020,Mahindra Scorpio S11 BS6,"14,00,000",Gurugram,Diesel,Manual
812,2015,Mahindra XUV500 W4,"3,99,000",Delhi,Diesel,Manual
813,2019,Maruti Suzuki Baleno Delta 1.2,"5,25,000",Gurugram,Petrol,Manual
814,2018,Honda City ZX CVT i-VTEC,"9,50,000",Delhi,Petrol,Automatic
815,2019,Honda City ZX CVT i-VTEC,"10,30,000",Delhi,Petrol,Automatic
816,2017,Maruti Suzuki Ertiga ZDi + SHVS,"7,80,000",Delhi,Diesel,Manual
817,2022,Maruti Suzuki Ciaz Sigma 1.5,"8,50,000",Delhi,Petrol,Manual
818,2016,Hyundai Creta 1.6 SX Opt Petrol,"8,10,000",Delhi,Petrol,Manual
819,2018,Tata Nexon XZA Plus Petrol,"6,80,000",Delhi,Petrol,Automated Manual Transmission
820,2019,Hyundai i20 Asta 1.2,"5,95,000",Delhi,Petrol,Manual
821,2019,Hyundai Grand i10 ASTA 1.2 KAPPA VTVT,"5,30,000",Delhi,Petrol,Manual
822,2017,Mahindra XUV500 W6,"7,50,000",Delhi,Diesel,Manual
823,2016,Volkswagen Ameo Highline 1.2L (P),"3,70,000",Delhi,Petrol,Manual
824,2011,Honda Jazz V i-VTEC,"2,50,000",Delhi,Petrol,Manual
825,2018,Maruti Suzuki Baleno Delta 1.2,"5,40,000",Delhi,Petrol,Manual
826,2014,Honda Amaze 1.2 S i-VTEC,"2,90,000",Delhi,Petrol,Manual
827,2012,Honda Jazz 1.2 V i-VTEC,"2,80,000",Delhi,Petrol,Manual
828,2011,Hyundai Verna 1.6 SX,"2,90,000",Delhi,Petrol,Manual
829,2014,Hyundai Grand i10 Asta AT,"3,60,000",Delhi,Petrol,Automatic
830,2015,Ford EcoSport TITANIUM 1.5 TI VCT AT,"3,90,000",Delhi,Petrol,Automatic
831,2017,Hyundai i20 Sportz 1.2,"4,90,000",Delhi,Petrol,Manual
832,2016,Volkswagen Polo Comfortline 1.2L (P),"3,90,000",Delhi,Petrol,Manual
833,2015,Volkswagen Vento Highline Petrol AT,"5,40,000",Delhi,Petrol,Automatic
834,2014,Ford EcoSport TITANIUM 1.0 ECOBOOST,"3,70,000",Delhi,Petrol,Manual
835,2016,Maruti Suzuki Baleno Zeta 1.2,"6,85,000",Delhi,Petrol,Manual
836,2023,Maruti Suzuki Brezza ZXi S CNG,"12,75,000",Delhi,Cng,Manual
837,2011,Hyundai Verna SX OPT AT,"3,30,000",Delhi,Petrol,Automatic
838,2012,Nissan Micra XL PETROL,"1,90,000",Delhi,Petrol,Manual
839,2017,Maruti Suzuki Vitara Brezza ZDi,"5,00,000",Gurugram,Diesel,Manual
840,2018,Maruti Suzuki Swift VXi AMT,"5,50,000",Delhi,Petrol,Automated Manual Transmission
841,2011,Honda Jazz S i-VTEC,"2,40,000",Delhi,Petrol,Manual
842,2017,Honda WR-V S Petrol,"5,40,000",Delhi,Petrol,Manual
843,2019,Maruti Suzuki Baleno Sigma 1.2,"5,40,000",Delhi,Petrol,Manual
844,2010,Nissan Micra XL PETROL,"1,60,000",Delhi,Petrol,Manual
845,2016,Maruti Suzuki Baleno Delta 1.2,"4,60,000",Delhi,Petrol,Manual
846,2019,Maruti Suzuki Celerio VXi CNG,"4,65,847",Delhi,Petrol + Cng,Manual
847,2019,Mahindra Scorpio S9 2WD 8 SEATER,"12,95,000",Gurugram,Diesel,Manual
848,2015,Maruti Suzuki Ertiga VXi,"5,75,000",Gurugram,Petrol,Manual
849,2021,Maruti Suzuki Ertiga VXI Smart Hybrid,"9,45,000",Gurugram,Petrol,Manual
850,2020,Maruti Suzuki Ertiga VXI Smart Hybrid,"8,75,000",Gurugram,Petrol,Manual
851,2021,Mahindra Thar LX 4 STR Convertible Petrol AT BS6,"12,45,000",Gurugram,Petrol,Automatic
852,2022,Hyundai Aura S 1.2 CNG Petrol,"7,90,000",Delhi,Petrol + Cng,Manual
853,2022,MG Hector Shine 1.5 Petrol Turbo CVT,"15,75,000",Gurugram,Petrol,Automatic
854,2017,Mahindra XUV500 W10 AT,"8,45,000",Gurugram,Diesel,Automatic
855,2021,Maruti Suzuki Ertiga VXI CNG,"10,60,000",Delhi,Petrol + Cng,Manual
856,2019,Mahindra XUV500 W7,"9,95,000",Gurugram,Diesel,Manual
857,2011,Hyundai i20 Magna 1.2 (O),"2,00,000",Delhi,Petrol,Manual
858,2019,Maruti Suzuki Swift VXi AMT,"5,85,000",Delhi,Petrol,Automated Manual Transmission
859,2014,Nissan Micra XL PETROL,"2,40,000",Delhi,Petrol,Manual
860,2021,Maruti Suzuki Swift VXi AGS BS6,"6,60,000",Delhi,Petrol,Automated Manual Transmission
861,2018,Mahindra XUV500 W5,"8,35,000",Gurugram,Diesel,Manual
862,2015,Datsun GO T,"2,00,000",Delhi,Petrol,Manual
863,2017,Toyota Innova Crysta 2.8 GX AT 7 STR,"12,95,000",Gurugram,Diesel,Automatic
864,2015,Tata Safari Storme 2.2 VX 4x2 Varicor400,"4,80,000",Delhi,Diesel,Manual
865,2019,MG Hector Sharp 1.5 DCT Petrol,"13,70,000",Delhi,Petrol,Automatic
866,2022,Kia Carens Luxury Plus 1.5 Diesel 6 STR,"14,95,000",Gurugram,Diesel,Manual
867,2011,Maruti Suzuki SX4 VXi,"1,90,000",Delhi,Petrol,Manual
868,2018,Mahindra TUV300 T10 AMT,"5,45,000",Gurugram,Diesel,Automated Manual Transmission
869,2018,Renault Duster 110 PS RXZ,"5,75,000",Gurugram,Diesel,Manual
870,2018,Tata Nexon XZA Plus Petrol,"6,95,000",Gurugram,Petrol,Automated Manual Transmission
871,2020,Tata Tiago Revotorq XM,"5,00,000",Delhi,Diesel,Manual
872,2023,Maruti Suzuki Grand Vitara Zeta Smart Hybrid AT,"14,45,000",Gurugram,Hybrid,Automatic
873,2014,Hyundai i20 Magna 1.2,"2,95,000",Delhi,Petrol,Manual
874,2016,Mahindra KUV100 K6+ 5 STR,"2,90,000",Delhi,Petrol,Manual
875,2021,Mahindra XUV300 W8 Petrol,"7,95,000",Gurugram,Petrol,Manual
876,2014,Honda Amaze 1.2 S i-VTEC,"3,40,000",Delhi,Petrol,Manual
877,2023,Mahindra XUV300 W6 Petrol,"9,35,000",Gurugram,Petrol,Manual
878,2013,Hyundai Eon Era +,"1,90,000",Delhi,Petrol,Manual
879,2016,Mitsubishi Pajero Sport 4X2 AT,"9,95,000",Gurugram,Diesel,Automatic
880,2016,Hyundai Creta 1.6 SX+ Petrol,"7,45,000",Gurugram,Petrol,Manual
881,2012,Hyundai Verna 1.6 SX,"3,50,000",Delhi,Petrol,Manual
882,2014,Volkswagen Polo Highline 1.2L (P),"3,30,000",Delhi,Petrol,Manual
883,2014,Maruti Suzuki Celerio Vxi AMT,"3,20,000",Delhi,Petrol,Automated Manual Transmission
884,2018,Hyundai Creta 1.6 SX+ AT Diesel,"10,70,000",Gurugram,Diesel,Automatic
885,2012,Nissan Micra XL PETROL,"1,80,000",Delhi,Petrol,Manual
886,2016,Volkswagen Vento 1.2L TSI Highline Plus AT,"6,45,000",Gurugram,Petrol,Automatic
887,2016,Ford Figo Trend 1.2 Ti-VCT,"2,90,000",Delhi,Petrol,Manual
888,2016,Maruti Suzuki Baleno Delta 1.2,"5,75,000",Delhi,Petrol,Manual
889,2015,Honda Jazz VX i-VTEC,"3,70,000",Delhi,Petrol,Manual
890,2018,Tata Tiago Revotron XZ,"4,85,000",Delhi,Petrol,Manual
891,2022,Tata Punch Pure MT,"5,75,000",Delhi,Petrol,Manual
892,2017,Skoda Superb 1.8 L&K TSI AT,"15,25,000",Gurugram,Petrol,Automatic
893,2014,Honda City SV i-VTEC,"5,25,000",Delhi,Petrol,Manual
894,2013,Ford Figo Duratorq ZXI 1.4,"1,75,000",Delhi,Diesel,Manual
895,2014,Hyundai Xcent S 1.2,"3,35,000",Delhi,Petrol,Manual
896,2016,Skoda Superb 1.8 L&K TSI AT,"10,95,000",Gurugram,Petrol,Automatic
897,2019,Hyundai Venue SX 1.0 (O) Petrol,"8,60,000",Delhi,Petrol,Manual
898,2016,Ford EcoSport Trend 1.5L TDCi,"3,70,000",Delhi,Diesel,Manual
899,2023,Maruti Suzuki Grand Vitara Delta Smart Hybrid,"13,75,000",Delhi,Hybrid,Manual
900,2015,Hyundai Verna 1.6 VTVT S (O) AT,"5,85,000",Gurugram,Petrol,Automatic
901,2015,Hyundai Verna 1.6 SX,"5,95,000",Gurugram,Petrol,Manual
902,2014,Honda City SV i-VTEC,"4,95,000",Gurugram,Petrol,Manual
903,2019,Honda City V CVT i-VTEC,"9,25,000",Gurugram,Petrol,Automatic
904,2020,Ford EcoSport Titanium + 1.5L Ti-VCT AT,"8,75,000",Delhi,Petrol,Automatic
905,2017,Maruti Suzuki Baleno Zeta AT 1.2,"5,25,000",Gurugram,Petrol,Automatic
906,2022,Toyota Glanza V MT,"6,75,000",Gurugram,Petrol,Manual
907,2019,Maruti Suzuki Wagon R ZXI 1.2,"4,95,000",Gurugram,Petrol,Manual
908,2022,Tata Tiago XZ Plus CNG,"6,95,000",Gurugram,Petrol + Cng,Manual
909,2018,Honda Jazz VX CVT i-VTEC,"6,75,000",Gurugram,Petrol,Automatic
910,2015,Honda Jazz 1.2 V i-VTEC,"5,85,000",Delhi,Petrol,Manual
911,2019,Maruti Suzuki Celerio VXi CNG,"4,55,000",Delhi,Petrol + Cng,Manual
912,2019,Honda Civic ZX CVT i-VTEC,"15,25,000",Delhi,Petrol,Automatic
913,2021,Tata Altroz XZ Petrol,"6,50,000",Delhi,Petrol,Manual
914,2018,Maruti Suzuki Ignis Delta 1.2 MT,"4,10,000",Delhi,Petrol,Manual
915,2021,Maruti Suzuki Wagon R LXi 1.0 CNG BS6,"5,50,000",Delhi,Petrol + Cng,Manual
916,2023,Maruti Suzuki Swift ZXi AGS,"8,25,000",Delhi,Petrol,Automated Manual Transmission
917,2017,Maruti Suzuki Ignis Sigma 1.2 MT,"3,90,000",Delhi,Petrol,Manual
918,2020,Maruti Suzuki Ciaz Delta 1.5 MT Petrol,"7,90,000",Delhi,Petrol,Manual
919,2013,Volkswagen Vento Trendline Petrol,"3,30,000",Delhi,Petrol,Manual
920,2013,Honda Accord 2.4 AT,"4,80,000",Delhi,Petrol,Automatic
921,2018,Maruti Suzuki Swift VXi,"5,20,000",Delhi,Petrol,Manual
922,2022,Hyundai Venue SX 1.2 Petrol,"8,50,000",Delhi,Petrol,Manual
923,2012,Maruti Suzuki Swift LXi,"2,75,000",Delhi,Petrol,Manual
924,2015,Maruti Suzuki Swift DZire VDi,"3,90,000",Delhi,Diesel,Manual
925,2016,Mahindra TUV300 T6,"4,90,000",Delhi,Diesel,Manual
926,2019,Toyota Camry Hybrid,"34,00,000",Delhi,Hybrid,Automatic
927,2021,Mahindra Thar LX 4 STR Convertible Diesel MT BS6,"13,50,000",Gurugram,Diesel,Manual
928,2019,Mahindra Scorpio S11 2WD 7 SEATER,"15,00,000",Delhi,Diesel,Manual
929,2014,Volkswagen Polo 1.2 TDI Highline,"4,35,000",Delhi,Diesel,Manual
930,2020,Maruti Suzuki Celerio VXi BS6,"4,75,000",Gurugram,Petrol,Manual
931,2021,Kia Seltos HTK Plus 1.5 Diesel,"10,90,000",Gurugram,Diesel,Manual
932,2018,Skoda Superb 1.8 L&K TSI AT,"19,00,000",Gurugram,Petrol,Automatic
933,2017,Toyota Etios Cross 1.2 G,"5,00,000",Delhi,Petrol,Manual
934,2019,Maruti Suzuki Ciaz Alpha 1.4 AT,"8,85,000",Delhi,Petrol,Automatic
935,2021,Kia Seltos HTK 1.5 Petrol,"11,75,000",Delhi,Petrol,Manual
936,2019,Toyota Innova Crysta 2.4 G 7 STR,"16,85,000",Delhi,Diesel,Manual
937,2020,Kia Carnival Premium 7 STR,"21,40,000",Delhi,Diesel,Automatic
938,2020,Toyota Yaris J MT,"8,35,000",Delhi,Petrol,Manual
939,2021,Kia Sonet HTK Plus 1.2,"8,85,000",Delhi,Petrol,Manual
940,2018,Maruti Suzuki Swift LXi,"5,25,000",Delhi,Petrol,Manual
941,2015,Hyundai Grand i10 Magna 1.2 Kappa VTVT,"3,65,000",Delhi,Petrol,Manual
942,2022,Tata Nexon XM (S) Petrol,"8,25,000",Delhi,Petrol,Manual
943,2022,Tata Safari XT Plus Diesel,"17,25,000",Delhi,Diesel,Manual
944,2023,Hyundai Creta SX 1.5 Petrol,"15,65,000",Delhi,Petrol,Manual
945,2015,Maruti Suzuki Swift DZire VXi,"4,15,000",Delhi,Petrol,Manual
946,2021,Kia Carnival Premium 7 STR,"22,00,000",Delhi,Diesel,Automatic
947,2023,Mahindra Bolero Neo N10,"10,35,000",Delhi,Diesel,Manual
948,2013,Hyundai Grand i10 Sportz 1.2 Kappa VTVT,"2,70,000",Delhi,Petrol,Manual
949,2018,Skoda Rapid 1.6 MPI STYLE AT,"5,75,000",Delhi,Petrol,Automatic
950,2019,Isuzu MU-X 4x2,"16,50,000",Delhi,Diesel,Automatic
951,2012,Maruti Suzuki Alto VXi,"3,10,000",Delhi,Petrol,Manual
952,2012,Maruti Suzuki Swift VDi,"3,30,000",Delhi,Diesel,Manual
953,2023,Maruti Suzuki Swift LXi,"6,30,000",Gurugram,Petrol,Manual
954,2019,Maruti Suzuki Wagon R LXi CNG,"3,90,000",Gurugram,Petrol + Cng,Manual
955,2018,Maruti Suzuki Baleno Alpha 1.2,"4,00,000",Gurugram,Petrol,Manual
956,2019,Tata Tiago Revotorq XM,"3,50,000",Gurugram,Diesel,Manual
957,2017,Maruti Suzuki Ignis Delta 1.2 MT,"3,90,000",Gurugram,Petrol,Manual
958,2021,Maruti Suzuki Baleno Delta 1.2 CVT,"6,60,000",Gurugram,Petrol,Automatic
959,2017,Hyundai Grand i10 Sportz 1.1 CRDi,"4,10,000",Gurugram,Diesel,Manual
960,2018,Ford EcoSport TITANIUM 1.0 ECOBOOST OPT,"5,90,000",Gurugram,Petrol,Manual
961,2021,Toyota Urban Cruiser High MT,"7,90,000",Faridabad,Petrol,Manual
962,2018,Maruti Suzuki Vitara Brezza ZDi,"6,60,000",Faridabad,Diesel,Manual
963,2021,Maruti Suzuki Ertiga VXI CNG,"11,00,000",Faridabad,Petrol + Cng,Manual
964,2022,Kia Seltos HTX 1.5 CVT,"15,50,000",Faridabad,Petrol,Automatic
965,2017,Maruti Suzuki Baleno Alpha 1.2,"6,00,000",Faridabad,Petrol,Manual
966,2019,Maruti Suzuki Dzire LXi,"5,20,000",Delhi,Petrol,Manual
967,2016,Maruti Suzuki Swift DZire LXi Opt,"3,96,000",Delhi,Petrol,Manual
968,2016,Renault Duster 110 PS RXL,"4,00,000",Delhi,Diesel,Manual
969,2018,Maruti Suzuki Vitara Brezza ZDi,"6,50,000",Delhi,Diesel,Manual
970,2019,Maruti Suzuki Ertiga VXi CNG,"8,40,000",Delhi,Petrol + Cng,Manual
971,2020,Toyota Innova Crysta 2.4 G 7 STR BS6,"17,10,000",Gurugram,Diesel,Manual
972,2015,Skoda Rapid AMBITION 1.6 TDI CR MT,"3,65,000",Delhi,Diesel,Manual
973,2017,Toyota Innova Crysta 2.4 G 7 STR,"12,75,000",Delhi,Diesel,Manual
974,2018,Ford EcoSport TITANIUM 1.5 TDCI,"6,70,000",Gurugram,Diesel,Manual
975,2020,Mahindra XUV300 W8 Diesel,"8,75,000",Delhi,Diesel,Manual
976,2017,Maruti Suzuki Ertiga ZDi + SHVS,"7,70,000",Delhi,Diesel,Manual
977,2016,Mahindra XUV500 W8 AT,"7,40,000",Delhi,Diesel,Automatic
978,2011,Honda City 1.5 V MT,"2,60,000",Delhi,Petrol,Manual
979,2015,Mahindra TUV300 T8,"4,25,000",Delhi,Diesel,Manual
980,2017,Hyundai Verna 1.6 SX CRDI AT,"8,25,000",Gurugram,Diesel,Automatic
981,2018,Ford Figo 1.2P TITANIUM PLUS MT,"4,50,000",Delhi,Petrol,Manual
982,2014,Toyota Etios Cross 1.4 VD,"3,30,000",Delhi,Diesel,Manual
983,2016,Mahindra Scorpio S6 Plus,"7,25,000",Delhi,Diesel,Manual
984,2020,Maruti Suzuki Wagon R LXi CNG,"4,90,000",Delhi,Petrol + Cng,Manual
985,2015,Mahindra Scorpio S4 Plus,"6,60,000",Delhi,Diesel,Manual
986,2023,Tata Tigor XZ Plus CNG,"7,20,000",Gurugram,Petrol + Cng,Manual
987,2016,Renault Duster 85 PS RXS 4X2 MT,"4,15,000",Delhi,Diesel,Manual
988,2011,Maruti Suzuki Ritz LXi,"1,75,000",Delhi,Petrol,Manual
989,2014,Renault Scala RXL PETROL,"3,50,000",Delhi,Petrol,Manual
990,2017,Honda WR-V VX Diesel,"4,90,000",Delhi,Diesel,Manual
991,2016,Mahindra XUV500 W6,"6,20,000",Gurugram,Diesel,Manual
992,2015,Ford EcoSport AMBIENTE 1.5 TDCI,"3,65,000",Delhi,Diesel,Manual
993,2014,Hyundai Grand i10 Sportz 1.1 CRDi,"2,90,000",Delhi,Diesel,Manual
994,2012,Mahindra XUV500 W8,"3,45,000",Delhi,Diesel,Manual
995,2015,Mahindra XUV500 W8,"5,00,000",Delhi,Diesel,Manual
996,2017,Volkswagen Vento 1.5 TDI Highline AT,"4,90,000",Gurugram,Diesel,Automatic
997,2014,Toyota Etios 1.4 VD,"3,25,000",Delhi,Diesel,Manual
998,2015,Ford EcoSport TITANIUM 1.5 TDCI,"3,70,000",Delhi,Diesel,Manual
999,2014,Mahindra XUV500 W6,"4,30,000",Delhi,Diesel,Manual
1000,2015,Renault Duster 85 PS RXL 4X2 MT,"3,90,000",Delhi,Diesel,Manual
1001,2022,Mahindra XUV700 AX 7 Petrol AT 7 STR,"18,75,000",Delhi,Petrol,Automatic
1002,2013,Mitsubishi Pajero Sport 4X4,"5,90,000",Delhi,Diesel,Manual
1003,2015,Maruti Suzuki Ritz VDi,"2,90,000",Delhi,Diesel,Manual
1004,2015,Force Gurkha Hard Top BS3 4WD,"4,70,000",Delhi,Diesel,Manual
1005,2022,Renault Kiger RXZ 1.0 Turbo MT,"7,25,000",Delhi,Petrol,Manual
1006,2015,Toyota Corolla Altis 1.8 GL,"6,30,000",Gurugram,Petrol,Manual
1007,2020,Mahindra Scorpio S11 BS6,"13,10,000",Delhi,Diesel,Manual
1008,2018,Maruti Suzuki Ciaz Alpha 1.4 MT,"6,90,000",Delhi,Petrol,Manual
1009,2017,Maruti Suzuki Dzire VDi AMT,"5,30,000",Delhi,Diesel,Automatic
1010,2010,Chevrolet Sail U-VA 1.2 LT ABS,"1,30,000",Delhi,Petrol,Manual
1011,2016,Honda Amaze 1.2 S i-VTEC,"3,75,000",Delhi,Petrol,Manual
1012,2015,Maruti Suzuki Ciaz Zdi,"4,50,000",Delhi,Diesel,Manual
1013,2016,Honda Jazz S i-DTEC,"4,30,000",Delhi,Diesel,Manual
1014,2017,Maruti Suzuki Dzire LXi,"5,20,000",Delhi,Petrol,Manual
1015,2012,Honda City 1.5 V MT,"3,40,000",Delhi,Petrol,Manual
1016,2014,Renault Duster 85PS Diesel RxL Optional with Nav,"3,70,000",Delhi,Diesel,Manual
1017,2015,Hyundai Verna 1.4 VTVT,"4,65,000",Delhi,Petrol,Manual
1018,2018,Tata Hexa XM 4x2 7 STR,"7,20,000",Delhi,Diesel,Manual
1019,2015,Hyundai Creta 1.6 S,"6,65,000",Delhi,Petrol,Manual
1020,2022,Toyota Innova Crysta 2.4 GX 7 STR,"18,30,000",Delhi,Diesel,Manual
1021,2016,Mahindra KUV100 K4 D 5 STR,"2,70,000",Delhi,Diesel,Manual
1022,2012,Maruti Suzuki Alto LXi,"1,95,000",Delhi,Petrol,Manual
1023,2015,Nissan Micra XL PETROL,"2,80,000",Delhi,Petrol,Manual
1024,2015,Honda Amaze 1.2 S i-VTEC,"3,50,000",Delhi,Petrol,Manual
1025,2018,Hyundai Elite i20 Magna 1.2,"5,75,000",Delhi,Petrol,Manual
1026,2012,Honda Accord 2.4 ELEGANCE AT,"4,75,000",Delhi,Petrol,Automatic
1027,2015,Honda City 1.5 V MT,"5,60,000",Delhi,Petrol,Manual
1028,2015,Renault Duster 110PS Diesel RXZ Optional with Nav,"3,70,000",Delhi,Diesel,Manual
1029,2021,Nissan Magnite XL Turbo 1.0 CVT,"6,30,000",Delhi,Petrol,Automatic
1030,2021,Maruti Suzuki Swift VXi AGS BS6,"6,75,000",Delhi,Petrol,Automated Manual Transmission
1031,2023,MG Hector Savvy Pro 1.5 Turbo CVT,"21,90,000",Delhi,Petrol,Automatic
1032,2019,MG Hector Sharp 2.0 Diesel,"12,70,000",Delhi,Diesel,Manual
1033,2019,Volkswagen Polo GT TSI,"8,75,000",Delhi,Petrol,Automatic
1034,2021,Kia Seltos HTX IVT 1.5 Petrol,"13,75,000",Delhi,Petrol,Automatic
1035,2016,Renault KWID 1.0 RXT,"2,70,000",Delhi,Petrol,Manual
1036,2018,Renault KWID 1.0 RXL,"2,95,000",Delhi,Petrol,Manual
1037,2022,Maruti Suzuki Brezza ZXi,"10,90,000",Delhi,Petrol,Manual
1038,2021,Maruti Suzuki XL6 Zeta AT Petrol,"10,40,000",Delhi,Petrol,Automatic
1039,2016,Ford EcoSport Titanium + 1.5L Ti-VCT AT,"5,90,000",Delhi,Petrol,Automatic
1040,2021,Ford EcoSport Titanium 1.5L TDCi BS6,"8,50,000",Delhi,Diesel,Manual
1041,2016,Toyota Innova Crysta 2.4 G 7 STR,"18,00,000",Delhi,Diesel,Manual
1042,2014,Maruti Suzuki Ertiga VXi CNG,"5,45,000",Delhi,Petrol + Cng,Manual
1043,2018,Honda WR-V VX Diesel,"7,85,000",Delhi,Diesel,Manual
1044,2014,Nissan Terrano XV D THP 110 PS,"5,35,000",Delhi,Diesel,Manual
1045,2017,Toyota Innova Crysta 2.4 ZX 7 STR,"18,95,000",Delhi,Diesel,Manual
1046,2017,Maruti Suzuki Vitara Brezza VDi Opt,"7,85,000",Delhi,Diesel,Manual
1047,2015,Hyundai i10 Sportz 1.2,"2,75,000",Delhi,Petrol,Manual
1048,2017,Renault KWID CLIMBER 1.0 AMT,"3,25,000",Delhi,Petrol,Automated Manual Transmission
1049,2017,Hyundai i10 Magna 1.2 Kappa2,"4,75,000",Delhi,Petrol,Manual
1050,2017,Hyundai Grand i10 Sportz (O) U2 1.2 CRDi,"6,25,000",Delhi,Diesel,Manual
1051,2012,Maruti Suzuki Wagon R LXi CNG,"3,75,000",Delhi,Petrol + Cng,Manual
1052,2015,Maruti Suzuki Swift DZire VDi,"5,35,000",Delhi,Diesel,Manual
1053,2017,Hyundai I20 Sportz 1.4 CRDi,"6,85,000",Delhi,Diesel,Manual
1054,2016,Maruti Suzuki Baleno Sigma 1.2,"4,75,000",Delhi,Petrol,Manual
1055,2020,Hyundai Grand i10 Nios Magna 1.2 Kappa VTVT CNG BS6,"5,80,000",Delhi,Petrol + Cng,Manual
1056,2015,Maruti Suzuki Alto K10 LXi CNG,"2,80,000",Delhi,Petrol + Cng,Manual
1057,2015,Toyota Fortuner 3.0 4x4 AT,"14,00,000",Delhi,Diesel,Automatic
1058,2016,Nissan Terrano XL D,"3,90,000",Gurugram,Diesel,Manual
1059,2013,Toyota Etios G,"2,50,000",Gurugram,Petrol,Manual
1060,2014,Ford EcoSport Titanium+ 1.5L TDCi,"5,25,000",Delhi,Diesel,Manual
1061,2017,Maruti Suzuki Ertiga VDI Smart Hybrid,"8,65,000",Delhi,Diesel,Manual
1062,2015,Maruti Suzuki S-Cross Delta 1.3,"5,75,000",Delhi,Diesel,Manual
1063,2014,Maruti Suzuki Ritz LXi,"2,00,000",Gurugram,Petrol,Manual
1064,2014,Hyundai i10 Magna,"2,10,000",Gurugram,Petrol,Manual
1065,2016,Hyundai Verna 1.6 SX,"5,20,000",Gurugram,Petrol,Manual
1066,2017,Maruti Suzuki Wagon R LXi CNG,"3,20,000",Gurugram,Petrol + Cng,Manual
1067,2021,Maruti Suzuki Wagon R LXi 1.0 CNG BS6,"5,10,000",Gurugram,Petrol + Cng,Manual
1068,2019,Tata Nexon Revotron XM,"5,70,000",Gurugram,Petrol,Manual
1069,2013,Hyundai Verna 1.6 SX VTVT AT,"6,75,000",Delhi,Petrol,Automatic
1070,2012,Renault Duster 110 PS RXZ,"4,65,000",Delhi,Diesel,Manual
1071,2022,Mahindra Scorpio Classic S,"15,50,000",Delhi,Diesel,Manual
1072,2015,Renault Duster 85 PS RXL Diesel Plus,"5,25,000",Delhi,Diesel,Manual
1073,2015,Toyota Innova 2.5 Z 7 SEATER,"10,75,000",Delhi,Diesel,Manual
1074,2017,Maruti Suzuki Wagon R LXi CNG,"3,65,000",Delhi,Petrol + Cng,Manual
1075,2013,Toyota Fortuner 3.0 4x2 MT,"13,00,000",Delhi,Diesel,Manual
1076,2016,Maruti Suzuki Vitara Brezza ZDi Plus,"8,35,000",Delhi,Diesel,Manual
1077,2014,Hyundai Santa FE 4 WD AT,"9,75,000",Delhi,Diesel,Automatic
1078,2014,Tata Safari Storme EX,"6,25,000",Delhi,Diesel,Manual
1079,2014,Honda Amaze 1.2 S i-VTEC,"3,85,000",Delhi,Petrol,Manual
1080,2020,Mahindra Thar LX 4 STR Convertible Diesel AT BS6,"11,50,000",Delhi,Diesel,Automatic
1081,2023,Maruti Suzuki Grand Vitara Delta Smart Hybrid,"13,75,000",Delhi,Hybrid,Manual
1082,2010,Toyota Corolla Altis 1.8 J,"3,40,000",Delhi,Petrol,Manual
1083,2013,Renault Koleos 4X4 AT,"6,25,000",Delhi,Diesel,Automatic
1084,2019,Honda Amaze 1.2 VX CVT Petrol,"6,70,000",Delhi,Petrol,Automatic
1085,2021,Mahindra Thar LX 4 STR Hard Top Petrol AT BS6,"11,75,000",Delhi,Petrol,Automatic
1086,2009,Hyundai i10 Magna 1.2 Kappa2,"1,80,000",Delhi,Petrol,Manual
1087,2013,Renault Duster 85 PS RXE,"3,50,000",Delhi,Diesel,Manual
1088,2013,Maruti Suzuki Ertiga ZDi,"5,00,000",Delhi,Diesel,Manual
1089,2014,Honda City VX i-DTEC,"6,55,000",Delhi,Diesel,Manual
1090,2008,Maruti Suzuki Swift DZire VXi,"2,05,000",Delhi,Petrol,Manual
1091,2012,Tata Safari 4X2 EX DICOR BS III,"3,25,000",Delhi,Diesel,Manual
1092,2016,Isuzu MU7 Base BS IV,"11,55,000",Delhi,Diesel,Manual
1093,2017,Maruti Suzuki Ertiga ZDi + SHVS,"8,95,000",Delhi,Diesel,Manual
1094,2012,Maruti Suzuki Swift VDi,"3,15,000",Delhi,Diesel,Manual
1095,2014,Chevrolet Captiva LT,"7,75,000",Delhi,Diesel,Manual
1096,2013,Maruti Suzuki Ertiga VDi,"4,75,000",Delhi,Diesel,Manual
1097,2008,Honda City ZX i-VTEC,"1,95,000",Delhi,Petrol,Manual
1098,2013,Renault Duster 110 PS RXL 4X2 MT,"4,25,000",Delhi,Diesel,Manual
1099,2016,Maruti Suzuki Ciaz VDi+ SHVS,"7,25,000",Delhi,Diesel,Manual
1100,2012,Skoda Yeti ACTIVE 2.0 TDI 4X2,"4,90,000",Delhi,Diesel,Manual
1101,2016,Maruti Suzuki Vitara Brezza ZDi Plus,"6,40,000",Delhi,Diesel,Manual
1102,2022,Hyundai Creta EX 1.5 Diesel,"12,60,000",Delhi,Diesel,Manual
1103,2017,Hyundai Elantra 1.6 SX (O) AT,"12,50,000",Delhi,Diesel,Automatic
1104,2018,Maruti Suzuki Alto K10 VXi AMT (Airbag),"3,60,000",Delhi,Petrol,Automated Manual Transmission
1105,2015,Hyundai i20 Sportz 1.4 (O),"4,30,000",Delhi,Diesel,Manual
1106,2022,Tata Tigor XZ Plus CNG Leatherette Pack,"8,00,000",Delhi,Cng,Manual
1107,2015,Nissan Sunny XL CVT AT,"3,50,000",Gurugram,Petrol,Automatic
1108,2022,Hyundai Grand i10 Nios Sportz 1.2 Kappa VTVT CNG,"7,00,000",Delhi,Petrol + Cng,Manual
1109,2019,Maruti Suzuki Swift VDi,"5,25,000",Gurugram,Diesel,Manual
1110,2017,Honda Amaze 1.2 S i-VTEC,"3,90,000",Gurugram,Petrol,Manual
1111,2019,Maruti Suzuki Dzire VXi,"5,90,000",Gurugram,Petrol,Manual
1112,2019,Tata Tiago Revotorq XT,"4,60,000",Delhi,Diesel,Manual
1113,2017,Maruti Suzuki Alto 800 VXi,"2,40,000",Gurugram,Petrol,Manual
1114,2017,Maruti Suzuki Ciaz Alpha 1.3 Hybrid,"5,00,000",Gurugram,Diesel,Manual
1115,2018,Honda City V i-VTEC,"7,80,000",Delhi,Petrol,Manual
1116,2019,Maruti Suzuki Swift VXi,"5,00,000",Gurugram,Petrol,Manual
1117,2018,Honda Amaze 1.2 S i-VTEC,"5,35,000",Gurugram,Petrol,Manual
1118,2016,Hyundai Creta 1.4 E+ Diesel,"6,25,000",Gurugram,Diesel,Manual
1119,2016,Hyundai Grand i10 Sportz 1.2 Kappa VTVT,"3,90,000",Delhi,Petrol,Manual
1120,2014,Maruti Suzuki Wagon R VXi,"3,50,000",Mango,Petrol,Manual
1121,2022,Volkswagen Taigun Topline 1.0 TSI AT,"13,50,000",Gurugram,Petrol,Automatic
1122,2021,Maruti Suzuki Swift VXi BS6,"6,10,000",Gurugram,Petrol,Manual
1123,2015,Honda City VX MT,"5,35,000",Gurugram,Petrol,Manual
1124,2018,Toyota Innova Crysta 2.4 VX 7 STR,"14,00,000",Gurugram,Diesel,Manual
1125,2019,Maruti Suzuki Dzire VXi,"5,90,000",Gurugram,Petrol,Manual
1126,2018,Toyota Etios Liva V Dual Tone,"4,80,000",Delhi,Petrol,Manual
1127,2016,Hyundai Elantra 1.6 SX (O) AT,"9,75,000",Delhi,Diesel,Automatic
1128,2015,Maruti Suzuki Swift VXi,"3,85,000",Delhi,Petrol,Manual
1129,2019,Honda Amaze 1.2 S i-VTEC,"5,35,000",Delhi,Petrol,Manual
1130,2021,Kia Seltos HTX IVT 1.5 Petrol,"13,75,000",Delhi,Petrol,Automatic
1131,2023,Maruti Suzuki Grand Vitara Delta Smart Hybrid CNG,"13,75,000",Delhi,Hybrid,Manual
1132,2011,Hyundai i10 Magna,"1,50,000",Delhi,Petrol,Manual
1133,2019,Mahindra Marazzo M4 7 STR,"4,00,000",Bangalore,Diesel,Manual
1134,2011,Hyundai i10 Magna,"2,65,000",Bangalore,Petrol,Manual
1135,2015,Maruti Suzuki Swift VXi,"4,80,000",Gurugram,Petrol,Manual
1136,2009,Hyundai i10 Magna 1.2,"2,25,000",Bangalore,Petrol,Manual
1137,2016,Maruti Suzuki Wagon R Green LXI CNG,"3,90,000",Gurugram,Petrol + Cng,Manual
1138,2011,Hyundai Santro GLS I EURO I,"2,00,000",Bangalore,Petrol,Manual
1139,2016,Hyundai I20 Sportz 1.4 CRDi,"5,60,000",Gurugram,Diesel,Manual
1140,2009,Maruti Suzuki Swift DZire VXi,"2,90,000",Bangalore,Petrol,Manual
1141,2012,Honda City 1.5 V MT,"4,20,000",Gurugram,Petrol,Manual
1142,2008,Hyundai i10 Sportz 1.2,"2,10,000",Bangalore,Petrol,Manual
1143,2019,Maruti Suzuki Ertiga ZDi + SHVS,"9,20,000",Gurugram,Diesel,Manual
1144,2015,Maruti Suzuki Ciaz Vxi,"5,20,000",Gurugram,Petrol,Manual
1145,2014,Maruti Suzuki Swift DZire LXi,"4,20,000",Gurugram,Petrol,Manual
1146,2019,Hyundai Creta 1.6 E+ Petrol,"9,90,000",Gurugram,Petrol,Manual
1147,2014,Volkswagen Polo Comfortline 1.5L (D),"5,50,000",Bangalore,Diesel,Manual
1148,2022,Hyundai i20 Magna 1.2 MT Petrol,"7,90,000",Gurugram,Petrol,Manual
1149,2015,Toyota Etios Cross 1.4 GD,"5,85,000",Bangalore,Diesel,Manual
1150,2014,Maruti Suzuki Swift VXi,"5,25,000",Bangalore,Petrol,Manual
1151,2015,Toyota Fortuner 3.0 4x2 MT,"18,75,000",Bangalore,Diesel,Manual
1152,2014,Ford Figo 1.4 tdci zxi,"4,45,000",Bangalore,Diesel,Manual
1153,2005,Mahindra Scorpio 2.6 DX,"1,95,000",Bangalore,Diesel,Manual
1154,2013,Hyundai Verna FLUIDIC 1.6 CRDI SX,"4,50,000",Bangalore,Diesel,Manual
1155,2016,Hyundai Grand i10 ASTA AT 1.2 KAPPA VTVT,"5,20,000",Gurugram,Petrol,Automatic
1156,2015,Chevrolet Captiva LTZ AWD AT,"7,50,000",Gurugram,Diesel,Automatic
1157,2010,Honda Jazz 1.2 V i-VTEC,"2,80,000",Gurugram,Petrol,Manual
1158,2013,Hyundai Eon Era +,"3,10,000",Bangalore,Petrol,Manual
1159,2013,Hyundai i20 ASTA 1.4,"4,90,000",Bangalore,Diesel,Manual
1160,2017,Hyundai Grand i10 ASTA 1.1 CRDI,"5,20,000",Bangalore,Diesel,Manual
1161,2015,Ford EcoSport TITANIUM 1.5 TDCI,"6,50,000",Bangalore,Diesel,Manual
1162,2012,Hyundai i20 Magna 1.4 CRDi,"4,75,000",Bangalore,Diesel,Manual
1163,2012,Hyundai i20 Sportz 1.4 CRDi,"4,75,000",Bangalore,Diesel,Manual
1164,2015,Toyota Innova 2.5 V 8 STR,"12,56,000",Bangalore,Diesel,Manual
1165,2018,Maruti Suzuki Celerio ZXi AMT,"5,95,000",Bangalore,Petrol,Automated Manual Transmission
1166,2015,Toyota Innova 2.5 V 7 STR,"12,50,000",Bangalore,Diesel,Manual
1167,2009,Hyundai i10 Sportz 1.2,"2,75,000",Bangalore,Petrol,Manual
1168,2014,Maruti Suzuki Swift VDi,"5,65,000",Bangalore,Diesel,Manual
1169,2016,Honda City VX,"7,75,000",Bangalore,Petrol,Manual
1170,2015,Toyota Innova 2.5 V 8 STR,"12,56,000",Bangalore,Diesel,Manual
1171,2012,Hyundai Verna 1.6 CRDI SX (O),"4,75,000",Bangalore,Diesel,Manual
1172,2017,Tata Nano Twist XTA,"3,25,000",Bangalore,Petrol,Automatic
1173,2014,Toyota Fortuner 2.8 4x2 AT,"26,00,000",Bangalore,Diesel,Automatic
1174,2010,Hyundai Grand i10 Magna 1.2 Kappa VTVT,"5,25,000",Bangalore,Petrol,Manual
1175,2023,Toyota Fortuner 2.8 4x2 AT,"42,00,000",Bangalore,Diesel,Automatic
1176,2020,MG Hector Sharp 2.0 Diesel Dual Tone,"19,50,000",Bangalore,Diesel,Manual
1177,2010,Honda City 1.5 V MT,"3,25,000",Bangalore,Petrol,Manual
1178,2013,Ford EcoSport Titanium 1.5L TDCi,"5,00,000",Bangalore,Diesel,Manual
1179,2007,Skoda Laura L&K 2.0 TDI MT,"2,25,000",Bangalore,Diesel,Manual
1180,2018,Hyundai Grand i10 Asta 1.2 Kappa VTVT (O),"4,25,000",Delhi,Petrol,Manual
1181,2019,Maruti Suzuki Baleno Delta 1.2,"6,60,000",Delhi,Petrol,Manual
1182,2016,Ford EcoSport Titanium 1.5L TDCi,"5,20,000",Delhi,Diesel,Manual
1183,2022,Tata Tiago XT CNG,"6,85,000",Delhi,Petrol + Cng,Manual
1184,2019,Hyundai Elite i20 Magna 1.2,"6,50,000",Delhi,Petrol,Manual
1185,2021,Tata Tiago XT (O),"5,70,000",Delhi,Petrol,Manual
1186,2020,Honda Amaze 1.2 S i-VTEC,"7,20,000",Delhi,Petrol,Manual
1187,2013,Honda Amaze 1.2 S i-VTEC,"3,80,000",Delhi,Petrol,Manual
1188,2016,Honda Amaze 1.2 S i-VTEC,"5,20,000",Delhi,Petrol,Manual
1189,2019,Toyota Etios Liva V Dual Tone,"6,70,000",Delhi,Petrol,Manual
1190,2015,Toyota Corolla Altis 1.8 VL AT,"9,50,000",Delhi,Petrol,Automatic
1191,2019,Maruti Suzuki Baleno Zeta 1.2,"7,30,000",Delhi,Petrol,Manual
1192,2019,Honda Amaze 1.2 S i-VTEC,"6,70,000",Delhi,Petrol,Manual
1193,2021,Honda Amaze 1.2 S CVT Petrol BS6,"8,20,000",Delhi,Petrol,Automatic
1194,2012,Maruti Suzuki Wagon R LXi,"3,30,000",Delhi,Petrol,Manual
1195,2018,Maruti Suzuki Vitara Brezza VDi Opt,"7,40,000",Delhi,Diesel,Manual
1196,2016,Maruti Suzuki Baleno Alpha 1.3,"6,00,000",Bangalore,Diesel,Manual
1197,2010,Honda Accord 2.4 i-VTEC MT,"3,90,000",Bangalore,Petrol,Manual
1198,2012,Nissan X-Trail LE,"6,30,000",Bangalore,Diesel,Manual
1199,2018,Hyundai Creta 1.6 SX Diesel,"10,20,000",Delhi,Diesel,Manual
